fips,lat,lon,elevation,slope1,slope2,slope3,slope4,slope5,slope6,slope7,slope8,aspectN,aspectE,aspectS,aspectW,aspectUnknown,WAT_LAND,NVG_LAND,URB_LAND,GRS_LAND,FOR_LAND,CULTRF_LAND,CULTIR_LAND,CULT_LAND,SQ1,SQ2,SQ3,SQ4,SQ5,SQ6,SQ7
6001,37.648081,-121.91330400000001,146,0.0224,0.1172,0.1629,0.193,0.1547,0.2397,0.0863,0.0238,0.2055,0.2326,0.1843,0.23800000000000002,0.1396,0.0,0.0,1.03110361099243,42.4786834716797,49.6773910522461,4.51037216186523,2.3024480342865,6.812819957733151,1,1,1,1,1,1,1
6003,38.61761,-119.798999,2630,0.0001,0.0026,0.0141,0.0596,0.096,0.3779,0.2515,0.1982,0.2477,0.2698,0.1697,0.3101,0.0027,0.0,16.9948997497559,0.00509999971836805,8.64690399169922,74.3530960083008,0.0,0.0,0.0,3,2,1,1,1,1,1
6005,38.44355,-120.653856,719,0.0003,0.0072,0.0461,0.1396,0.16399999999999998,0.2758,0.1513,0.2157,0.1887,0.2127,0.2741,0.317,0.0075,0.0,0.0,0.47429999709129295,14.3474931716919,81.5367050170898,3.64150166511536,0.0,3.64150166511536,1,1,3,1,1,1,2
6007,39.665959,-121.601919,373,0.0023,0.0263,0.1898,0.2433,0.1571,0.2899,0.0781,0.0132,0.1559,0.1918,0.184,0.4397,0.0286,0.0,0.0,7.292396068573001,24.9428863525391,64.1376113891602,3.1886465549469,0.43846058845520003,3.6271071434021,1,1,1,1,1,1,1
6009,38.187844,-120.55511499999999,499,0.0015,0.02,0.1085,0.2526,0.2027,0.3175,0.0855,0.0117,0.2674,0.1287,0.3029,0.2795,0.0215,0.0,0.0,0.5474284887313839,24.101444244384798,71.646598815918,1.5420231819152799,2.16250491142273,3.7045280933380096,1,1,2,1,1,1,2
6011,39.177739,-122.237563,40,0.1294,0.6388,0.17600000000000002,0.0452,0.0054,0.0052,0.0,0.0,0.0929,0.0895,0.0246,0.0248,0.7682,0.0,0.0,0.0228395573794842,29.373229980468803,61.1986694335938,3.79221725463867,5.613042831420901,9.40526008605957,1,1,2,1,1,1,2
6013,37.919478999999995,-121.95154299999999,395,0.0002,0.0037,0.0182,0.0662,0.1105,0.5149,0.2052,0.0811,0.2601,0.3128,0.2178,0.2054,0.0039,0.0,0.0,3.4115824699401895,43.40087890625,43.8220443725586,6.55360460281372,2.8118910789489706,9.365495681762699,1,1,2,1,1,1,2
6015,41.749903,-123.980998,493,0.0,0.0019,0.0115,0.0353,0.0496,0.2376,0.3108,0.3533,0.2456,0.2782,0.1772,0.2971,0.0019,0.0,0.0,0.0808999985456467,16.2248554229736,83.6942443847656,0.0,0.0,0.0,2,2,1,1,1,1,1
6017,38.785532,-120.534398,1442,0.0004,0.0066,0.0283,0.0999,0.1569,0.5155,0.1491,0.0433,0.3487,0.0825,0.3081,0.2537,0.006999999999999999,0.0,0.0,0.13609999418258698,8.94320011138916,90.9207000732422,0.0,0.0,0.0,3,2,2,1,1,1,2
6019,36.761006,-119.655019,106,0.1844,0.7454,0.07,0.0002,0.0,0.0,0.0,0.0,0.0122,0.0148,0.0182,0.025,0.9298,0.0,0.37724518775939897,0.0,2.17170882225037,18.155117034912102,0.0670166015625,79.2289123535156,79.2959289550781,1,1,1,1,1,1,1
6021,39.602546000000004,-122.4017,140,0.0105,0.1005,0.2078,0.285,0.1873,0.1892,0.019,0.0007,0.1482,0.3147,0.1952,0.2309,0.111,0.0,0.0,0.0108000002801418,58.7968330383301,32.875583648681605,8.31678295135498,0.0,8.31678295135498,1,1,2,1,1,1,2
6023,40.706672999999995,-123.92581799999999,628,0.0,0.0027,0.0118,0.0583,0.1013,0.556,0.2136,0.0563,0.2474,0.2034,0.3342,0.2123,0.0027,0.0,0.0,0.0520999990403652,11.2268381118774,88.72106170654301,0.0,0.0,0.0,2,2,1,1,1,1,1
6025,33.040816,-115.355395,7,0.2073,0.6409999999999999,0.1504,0.0013,0.0,0.0,0.0,0.0,0.0239,0.0197,0.034,0.0741,0.8483,0.0,19.2056579589844,0.0058685354888439204,1.82001948356628,4.04642724990845,0.0,74.9220275878906,74.9220275878906,1,1,1,1,3,1,1
6027,36.561977,-117.403927,1259,0.0,0.0012,0.0134,0.1093,0.1065,0.2959,0.2557,0.218,0.2111,0.3978,0.1885,0.2014,0.0012,0.0,78.8711318969727,0.0,20.213209152221697,0.9104461073875431,0.0,0.00521294586360455,0.00521294586360455,1,1,3,1,1,2,3
6029,35.346629,-118.729506,407,0.0041,0.0351,0.0907,0.2134,0.2244,0.3497,0.0717,0.0109,0.1853,0.15,0.2273,0.3982,0.0392,0.0,18.2216682434082,0.489394336938858,29.065670013427702,41.2446441650391,5.3326516151428205,5.6459698677063,10.9786214828491,1,1,3,1,1,1,3
6031,36.072478000000004,-119.81553000000001,56,0.3431,0.6444,0.0125,0.0,0.0,0.0,0.0,0.0,0.0017,0.0037,0.0007,0.0064,0.9875,0.0,2.08388328552246,0.0,3.51795387268066,25.4296722412109,0.272293090820313,68.69619750976561,68.9684906005859,7,7,7,7,7,7,7
6033,39.094802,-122.746757,546,0.0109,0.1309,0.1759,0.1041,0.0689,0.3269,0.1719,0.0105,0.1999,0.2015,0.3305,0.1263,0.1418,44.0349998474121,3.48899936676025,0.944459736347198,4.33284044265747,44.0496597290039,0.0,3.14904093742371,3.14904093742371,7,7,7,7,7,7,7
6035,40.721089,-120.629931,1954,0.0007,0.0149,0.0613,0.2097,0.19899999999999998,0.4279,0.0819,0.0046,0.1261,0.2268,0.23,0.4015,0.0156,0.0,4.0,0.0187999997287989,15.587293624877901,77.9808807373047,0.851840853691101,1.5611840486526498,2.41302490234375,3,2,2,1,1,1,2
6037,34.196397999999995,-118.26186200000001,197,0.0075,0.0953,0.2074,0.2263,0.1808,0.2516,0.0292,0.0019,0.1235,0.1671,0.3543,0.2523,0.1028,0.0,2.4408095100625403e-08,99.95519256591801,2.10285193702475e-07,0.0,0.0,0.0448071993887424,0.0448071993887424,1,1,1,1,1,1,1
6039,37.210039,-119.749852,633,0.0012,0.0161,0.1254,0.3975,0.2535,0.1816,0.0229,0.0018,0.1327,0.2046,0.2797,0.3657,0.0173,0.0,0.0,0.495900005102158,50.1394844055176,42.6205596923828,6.74405717849731,0.0,6.74405717849731,1,1,2,1,1,1,2
6041,38.051817,-122.745974,164,0.0016,0.0159,0.0513,0.0933,0.1214,0.4584,0.2329,0.0252,0.2659,0.2224,0.2234,0.2708,0.0175,7.99489974975586,0.0,0.181999996304512,9.32888698577881,82.3866195678711,0.10759408026933699,0.0,0.10759408026933699,1,1,1,1,1,1,1
6043,37.570034,-119.91286000000001,1079,0.0001,0.0052,0.0412,0.1539,0.1622,0.4297,0.17300000000000001,0.0347,0.1149,0.2539,0.289,0.3369,0.0053,0.0,0.0,0.7100345492362979,8.869439125061039,90.1707611083984,0.0,0.249765500426292,0.249765500426292,1,1,2,1,1,1,2
6045,39.432388,-123.442881,550,0.0089,0.0629,0.0637,0.0852,0.1119,0.4271,0.2107,0.0296,0.2499,0.2572,0.2254,0.1957,0.0718,0.0,0.0,0.0804999992251396,8.948179244995119,90.97132110595699,0.0,0.0,0.0,2,2,1,1,1,1,1
6047,37.194806,-120.722802,30,0.2545,0.7268,0.0187,0.0,0.0,0.0,0.0,0.0,0.0036,0.0044,0.0035,0.0072,0.9813,0.0,3.8559103012085,0.345694422721863,10.5318145751953,14.1137866973877,4.88575744628906,66.2670364379883,71.1527938842773,1,1,1,1,1,1,1
6049,41.592919,-120.71837,1534,0.0445,0.3899,0.3515,0.1131,0.0537,0.0376,0.0097,0.0,0.11599999999999999,0.1879,0.1222,0.1395,0.4344,0.0,4.82954406738281,0.0978999957442284,36.09877395629879,26.1429786682129,0.157463073730469,32.67333984375,32.830802917480504,1,1,2,1,1,1,2
6051,37.915836,-118.87516699999999,2480,0.0036,0.0406,0.1674,0.4833,0.1486,0.1334,0.022000000000000002,0.0011,0.2831,0.1742,0.0703,0.4282,0.0442,9.0,0.0,0.00779999932274222,17.2682094573975,72.0769805908203,0.12176299095153802,1.5252469778060902,1.64700996875763,1,1,1,1,2,1,1
6053,36.240107,-121.315573,393,0.0002,0.0053,0.0298,0.0948,0.1203,0.40399999999999997,0.2307,0.1149,0.2552,0.2819,0.1609,0.2965,0.0055,0.0,0.0,0.0384727083146572,14.2238674163818,85.24249267578129,0.0,0.49516698718071,0.49516698718071,1,1,3,1,1,1,2
6055,38.507351,-122.32599499999999,444,0.0012,0.0171,0.0653,0.1221,0.1199,0.4174,0.2035,0.0535,0.2725,0.1779,0.2571,0.2742,0.0183,0.0,0.0,0.0,5.17602920532227,52.621910095214794,0.0,42.2020606994629,42.2020606994629,1,1,1,1,1,1,1
6057,39.295190999999996,-120.77344599999999,1514,0.0009,0.0142,0.0703,0.1512,0.1352,0.3572,0.2067,0.0643,0.2226,0.1648,0.2634,0.3341,0.0151,0.0,0.0,0.0243999995291233,11.1338300704956,87.380615234375,1.46115469932556,0.0,1.46115469932556,2,2,1,1,1,1,1
6059,33.675686999999996,-117.777207,124,0.0184,0.2316,0.4238,0.235,0.0677,0.0234,0.0001,0.0,0.1124,0.1224,0.1742,0.341,0.25,0.0,5.9987964630127,37.630298614502,29.2882404327393,26.2692527770996,0.0,0.813413381576538,0.813413381576538,1,1,1,1,1,1,1
6061,39.062032,-120.722718,903,0.0003,0.0028,0.0148,0.0444,0.0571,0.2061,0.1931,0.4814,0.1999,0.2608,0.3,0.2362,0.0031,1.99479997158051,0.0,0.18239998817443803,10.9384260177612,85.4249725341797,1.4594013690948502,0.0,1.4594013690948502,3,2,1,1,1,1,1
6063,39.99517,-120.829516,1728,0.0003,0.0034,0.0198,0.0766,0.124,0.4969,0.2153,0.0637,0.0642,0.1718,0.3252,0.4351,0.0037,0.0,0.0,0.145500004291534,8.94235992431641,90.91213989257808,0.0,0.0,0.0,3,2,1,1,1,1,1
6065,33.729828000000005,-116.00223899999999,718,0.0016,0.0232,0.1902,0.1849,0.1113,0.2936,0.1589,0.0363,0.0757,0.175,0.4738,0.2507,0.0248,0.0,62.949367523193395,0.0,37.049633026123,0.0,0.0,0.00100010295864195,0.00100010295864195,1,1,1,1,1,2,1
6067,38.450010999999996,-121.340441,18,0.1563,0.7004,0.1367,0.0065,0.0001,0.0,0.0,0.0,0.0252,0.0374,0.0278,0.0529,0.8567,0.0,0.0,0.0,23.2263507843018,26.260889053344698,1.81296157836914,48.699798583984396,50.512760162353494,1,1,1,1,1,1,1
6069,36.610702,-121.085296,818,0.0014,0.0144,0.0321,0.0633,0.0965,0.42700000000000005,0.2978,0.0675,0.188,0.17300000000000001,0.3063,0.3169,0.0158,0.0,5.42601776123047,0.0301950313150883,51.095001220703104,28.7484569549561,9.18790817260742,5.5124201774597195,14.700328826904302,1,1,1,1,1,1,1
6071,34.85722,-116.181197,467,0.0106,0.3227,0.5612,0.07200000000000001,0.0204,0.013000000000000001,0.0001,0.0,0.0462,0.0042,0.0561,0.5602,0.3333,0.0,66.0786285400391,0.0259999986737967,33.8890419006348,0.0,0.0,0.0063296309672296,0.0063296309672296,2,1,1,1,1,2,1
6073,33.023604,-116.776117,704,0.0004,0.0043,0.0365,0.1461,0.1604,0.336,0.1818,0.1345,0.2536,0.13,0.2685,0.3432,0.0047,0.0,0.610576629638672,0.9857999682426449,43.002082824707,52.8385353088379,2.54417490959167,0.0188291408121586,2.5630040168762203,1,1,2,1,1,1,1
6075,37.727239000000004,-123.032229,0,0.0,0.0,0.0,0.0,0.0,0.0,0.0,0.0,0.0,0.0,0.0,0.0,0.0,0.0,0.0,0.0,0.0,0.0,0.0,0.0,0.0,0,0,0,0,0,0,0
6077,37.935034,-121.27223700000002,10,0.09,0.6673,0.23,0.0119,0.0008,0.0,0.0,0.0,0.0511,0.0619,0.0518,0.0779,0.7573,0.0,0.6573100090026861,0.0,5.10856676101685,27.4134902954102,0.269569396972656,66.5510635375977,66.8206329345703,1,1,1,1,1,1,1
6079,35.385227,-120.44753999999999,640,0.0011,0.0135,0.0827,0.1901,0.172,0.4022,0.1314,0.006999999999999999,0.1871,0.1556,0.3411,0.3016,0.0146,0.0,0.0,0.14192162454128301,25.036317825317397,71.365119934082,2.5197956562042205,0.9368445873260501,3.45664024353027,1,1,2,1,1,1,2
6081,37.414664,-122.37154199999999,387,0.0004,0.004,0.0198,0.083,0.139,0.5339,0.2035,0.0164,0.1774,0.2689,0.2613,0.28800000000000003,0.0044,0.0,0.0,0.8262000083923341,24.618450164794897,70.1666717529297,4.29174423217773,0.0969336032867432,4.38867807388306,1,1,1,1,1,1,1
6083,34.537378000000004,-120.03848500000001,150,0.0009,0.0119,0.0525,0.0964,0.0898,0.2992,0.1189,0.0206,0.0257,0.1805,0.2527,0.2185,0.0128,0.0,0.0,0.0,0.0,0.0,0.0,0.0,0.0,0,0,0,0,0,0,0
6085,37.220777000000005,-121.69062199999999,376,0.0022,0.0206,0.0598,0.1136,0.1379,0.4381,0.2147,0.0131,0.1636,0.1706,0.3177,0.3253,0.0228,0.0,0.0,8.84738731384277,24.960861206054698,43.045017242431605,3.19025421142578,19.9564800262451,23.1467342376709,3,2,2,1,1,1,2
6087,37.012488,-122.007205,31,0.011000000000000001,0.1092,0.132,0.0848,0.035,0.0284,0.0018,0.0,0.0147,0.0608,0.1221,0.0844,0.1202,0.0,0.0,0.0,0.0,0.0,0.0,0.0,0.0,0,0,0,0,0,0,0
6089,40.760521999999995,-122.04355,484,0.0015,0.0277,0.1366,0.2679,0.2039,0.2737,0.0799,0.0088,0.1803,0.1551,0.3175,0.3179,0.0292,0.0,0.0,0.0558209829032421,10.3024091720581,79.9389266967773,0.383396148681641,9.3194465637207,9.70284271240234,1,1,2,1,1,1,2
6091,39.576925,-120.521993,2239,0.0005,0.0099,0.0487,0.1625,0.1978,0.4367,0.1325,0.0114,0.2836,0.1922,0.3557,0.1581,0.0104,0.0,0.0,0.0370999984443188,16.535203933715803,83.4276962280273,0.0,0.0,0.0,3,2,2,1,1,1,2
6093,41.587986,-122.53328700000002,825,0.0529,0.2138,0.1792,0.1749,0.1178,0.1894,0.0549,0.0171,0.1908,0.1952,0.1575,0.1898,0.2667,0.0,0.0,0.39394345879554704,14.6384792327881,67.419319152832,1.8230276107788101,15.72523021698,17.5482578277588,1,1,1,1,1,1,1
6095,38.267226,-121.939594,15,0.0973,0.5731,0.2995,0.0292,0.0008,0.0001,0.0,0.0,0.0807,0.0583,0.0445,0.1461,0.6704,0.0,6.750823974609379,0.4291404187679289,41.1888008117676,43.5900955200195,5.46623039245605,2.5749089717865,8.041139602661131,1,1,1,1,1,1,1
6097,38.532574,-122.945194,52,0.0139,0.1416,0.33,0.2981,0.1049,0.0984,0.0128,0.0003,0.1807,0.3075,0.1717,0.1846,0.1555,0.0,0.0,0.0,19.054340362548803,61.4137954711914,1.14289474487305,18.3889694213867,19.5318641662598,1,1,1,1,1,1,1
6099,37.562384,-121.002656,23,0.1099,0.7013,0.1868,0.002,0.0,0.0,0.0,0.0,0.034,0.0457,0.0427,0.0664,0.8112,0.0,0.000547858187928796,0.0,0.00331029831431806,0.0393013283610344,0.0,99.9568405151367,99.9568405151367,1,1,1,1,1,1,1
6101,39.035257,-121.702758,10,0.2252,0.6261,0.1409,0.0078,0.0,0.0,0.0,0.0,0.0286,0.044000000000000004,0.0256,0.0505,0.8513,0.0,0.0,0.0,0.845109939575195,8.59181022644043,0.0,90.56307983398442,90.56307983398442,1,1,1,1,1,1,1
6103,40.126156,-122.232276,87,0.1693,0.6626,0.1529,0.0141,0.0001,0.001,0.0,0.0,0.0523,0.0546,0.0381,0.0231,0.8319,0.0,0.0,0.0,17.670852661132802,20.7658157348633,1.37253189086914,60.190799713134794,61.5633316040039,1,1,1,1,1,1,1
6105,40.647724,-123.11440400000001,1005,0.0,0.0011,0.0073,0.0323,0.0512,0.3217,0.3901,0.1963,0.2454,0.3191,0.2018,0.2326,0.0011,0.0,0.0,0.15180000662803603,15.2969331741333,80.2929382324219,4.25832843780518,0.0,4.25832843780518,3,2,1,1,1,1,1
6107,36.230453000000004,-118.780542,1451,0.0,0.001,0.005,0.0199,0.05,0.3836,0.3636,0.1769,0.1281,0.1153,0.3575,0.3981,0.001,0.0,1.51619815826416,0.0187608134001493,10.517118453979501,85.846794128418,2.06565427780151,0.0354741811752319,2.10112857818604,1,1,4,1,1,1,4
6109,38.021451,-119.964708,1570,0.0003,0.0038,0.0313,0.1112,0.1904,0.5263,0.11199999999999999,0.0247,0.10400000000000001,0.2695,0.3145,0.3079,0.0041,0.0,0.0,0.0128999995067716,19.129083633422898,74.0402450561523,6.81777191162109,0.0,6.81777191162109,3,2,1,1,1,1,1
6111,34.358742,-119.13314299999999,67,0.0563,0.4106,0.265,0.0709,0.0486,0.1048,0.0308,0.013000000000000001,0.0524,0.1444,0.2079,0.1284,0.4669,0.0,0.0,0.0,6.73597526550293,17.9599323272705,0.436431884765625,74.86766052246091,75.30409240722659,1,1,1,2,1,1,1
6113,38.679268,-121.903178,30,0.1847,0.7147,0.0986,0.002,0.0,0.0,0.0,0.0,0.0202,0.0398,0.0216,0.019,0.8994,0.0,0.0,0.0,5.126426696777339,17.0832138061523,0.302642822265625,77.4877166748047,77.7903594970703,1,1,2,1,1,1,2
6115,39.270026,-121.34428,260,0.0012,0.0162,0.0908,0.2251,0.2192,0.3521,0.0778,0.0176,0.223,0.2101,0.1804,0.3691,0.0174,0.0,0.0,0.746892392635345,34.6775588989258,60.0232963562012,4.15220928192139,0.40004310011863703,4.552252292633059,1,1,1,1,1,1,1
48001,31.841265999999997,-95.661744,151,0.0163,0.1834,0.46799999999999997,0.2904,0.0388,0.0031,0.0,0.0,0.1768,0.2439,0.2015,0.1781,0.1997,0.0,0.0,5.082600116729741,12.429584503173801,32.0530776977539,50.254310607910206,0.18042589724063898,50.43473815917971,3,2,1,1,1,1,1
48003,32.312258,-102.640206,972,0.1259,0.7023,0.1714,0.0004,0.0,0.0,0.0,0.0,0.0402,0.0435,0.0398,0.0483,0.8282,0.0,41.5794258117676,0.0388999991118908,58.3816719055176,0.0,0.0,0.0,0.0,1,1,1,1,1,1,1
48005,31.251951000000002,-94.611056,82,0.0436,0.3783,0.4833,0.0943,0.0005,0.0,0.0,0.0,0.1061,0.1599,0.1586,0.1535,0.4219,0.0,0.0,0.35805353522300704,9.6556339263916,89.89624786376949,0.0714184120297432,0.018646439537406002,0.0900648534297943,3,2,1,1,1,1,1
48007,28.104225,-96.977983,3,0.1137,0.2243,0.0173,0.0,0.0,0.0,0.0,0.0,0.0038,0.0048,0.0039,0.0048,0.33799999999999997,82.98789978027341,0.0,0.0120999999344349,15.350651741027802,0.303482055664063,1.34586596488953,0.0,1.34586596488953,1,1,2,3,1,1,4
48009,33.616305,-98.687267,322,0.0819,0.632,0.2724,0.0133,0.0004,0.0,0.0,0.0,0.0825,0.0746,0.0498,0.0792,0.7139,0.0,0.0,0.0245999991893768,66.47377777099611,0.353141844272614,33.1366806030273,0.0117988102138042,33.1484794616699,1,1,1,1,1,1,1
48011,34.964179,-101.356636,1015,0.0563,0.3818,0.2384,0.2,0.0969,0.0266,0.0,0.0,0.1536,0.1945,0.1178,0.096,0.4381,0.0,0.0,0.05889999866485599,69.16013336181639,28.9949169158936,0.0,1.78604698181152,1.78604698181152,1,1,1,1,1,1,1
48013,28.894296,-98.528187,121,0.0657,0.615,0.3189,0.0004,0.0,0.0,0.0,0.0,0.0733,0.1007,0.076,0.0693,0.6807,0.0,0.0,0.11379999667406099,69.71091461181639,10.2754640579224,17.2339019775391,2.66592311859131,19.8998241424561,1,1,1,2,1,1,3
48015,29.891901,-96.27017,59,0.0547,0.4403,0.4684,0.0366,0.0,0.0,0.0,0.0,0.1171,0.1539,0.1037,0.1303,0.495,0.0,0.0,1.23800003528595,53.3697700500488,1.89660120010376,42.393035888671896,1.10259103775024,43.4956283569336,1,1,1,1,1,1,1
48017,34.067521,-102.830345,1180,0.11199999999999999,0.674,0.2001,0.0139,0.0,0.0,0.0,0.0,0.0352,0.0656,0.057,0.0562,0.7859999999999999,0.0,0.0,0.0141999991610646,84.0422439575195,0.0,0.0,15.9435596466064,15.9435596466064,1,1,1,1,1,1,1
48019,29.755747999999997,-99.26068199999999,487,0.0055,0.06,0.2205,0.275,0.1458,0.2639,0.0293,0.0,0.2475,0.2757,0.2536,0.1577,0.0655,0.0,0.0,0.153699994087219,13.8756799697876,85.5768737792969,0.0,0.393746614456177,0.393746614456177,1,1,3,1,1,1,2
48021,30.103128,-97.311859,111,0.1009,0.4323,0.3358,0.1162,0.0114,0.0034,0.0,0.0,0.1223,0.122,0.11199999999999999,0.1105,0.5332,0.0,0.0,0.6195999979972839,21.148483276367198,59.4438667297363,18.611011505127,0.17703780531883198,18.788049697876,1,1,1,1,1,1,1
48023,33.618171999999994,-99.19722800000001,404,0.0503,0.5332,0.376,0.04,0.0005,0.0,0.0,0.0,0.0645,0.125,0.1108,0.1162,0.5835,0.0,0.0,0.00389999966137111,77.4823913574219,0.0695152059197426,21.821144104003896,0.6230478286743161,22.444190979003896,1,1,1,1,1,1,1
48025,28.416077,-97.742586,61,0.1142,0.6679,0.2165,0.0014,0.0,0.0,0.0,0.0,0.0396,0.0662,0.0574,0.0547,0.7821,0.0,0.0,0.6976999640464779,63.5429573059082,5.659846305847171,29.0963859558105,1.0031089782714802,30.099494934082,1,1,1,1,1,1,1
48027,31.042109999999997,-97.481921,170,0.0467,0.3896,0.4581,0.0893,0.0135,0.0028,0.0,0.0,0.1057,0.2027,0.1558,0.0995,0.4363,0.0,0.0,0.713899970054626,57.784782409668,10.390453338623,30.533422470092802,0.57744038105011,31.110862731933604,1,1,1,3,1,1,4
48029,29.448671,-98.520147,190,0.0758,0.4915,0.3868,0.0436,0.0023,0.0,0.0,0.0,0.0615,0.1296,0.1169,0.1247,0.5673,0.0,0.0,3.67729997634888,54.122344970703104,13.0544767379761,26.046571731567397,3.0993061065673797,29.145877838134798,1,1,1,1,1,1,1
48031,30.265604999999997,-98.399977,417,0.004,0.0553,0.32,0.4739,0.1071,0.0397,0.0,0.0,0.2389,0.3211,0.2019,0.1788,0.0593,0.0,0.0,0.584500014781952,37.9755058288574,53.262996673584006,6.75968837738037,1.41730999946594,8.17699813842773,1,1,3,1,1,1,2
48033,32.744062,-101.433033,739,0.0633,0.4307,0.4075,0.0862,0.0096,0.0027,0.0,0.0,0.0873,0.1769,0.1296,0.1122,0.494,0.0,0.0,0.0,99.90493774414058,0.0,0.0,0.095061331987381,0.095061331987381,1,1,1,1,1,1,1
48035,31.900764000000002,-97.637632,245,0.027999999999999997,0.2429,0.3807,0.2344,0.0892,0.0245,0.0003,0.0,0.1415,0.2035,0.1945,0.1896,0.2709,0.0,0.0,5.68059968948364,48.4921379089355,39.895072937011705,4.68015146255493,1.25203704833984,5.93218851089478,1,1,1,1,1,1,1
48037,33.446051000000004,-94.422375,94,0.0494,0.45,0.4475,0.0522,0.0009,0.0,0.0,0.0,0.1072,0.1272,0.1314,0.1348,0.4994,11.963000297546401,0.0,0.7361000180244449,7.030194282531741,70.6624526977539,9.46988487243652,0.13836769759655,9.60825252532959,3,2,1,1,1,1,1
48039,29.167818,-95.434647,5,0.2194,0.7070000000000001,0.0734,0.0002,0.0,0.0,0.0,0.0,0.0203,0.023,0.0129,0.0174,0.9264,0.0,0.0,5.2093997001647905,19.307308197021502,23.497634887695302,51.8185539245605,0.16710190474987,51.9856567382813,1,1,1,2,1,1,1
48043,29.808996999999998,-103.25245799999999,918,0.0191,0.2745,0.4147,0.1192,0.0639,0.0837,0.0209,0.004,0.1292,0.2196,0.2506,0.107,0.2936,0.0,12.948692321777301,0.0144000006839633,87.0360946655273,0.0,0.0,0.0008138421108014879,0.0008138421108014879,1,1,3,1,1,1,2
48041,30.656725,-96.302389,89,0.0589,0.5205,0.4111,0.0095,0.0,0.0,0.0,0.0,0.1152,0.1178,0.0993,0.0883,0.5794,0.0,0.0,3.3835000991821302,49.395111083984396,6.34122085571289,40.7793426513672,0.10082580149173699,40.8801689147949,1,1,1,1,1,1,1
48045,34.525172999999995,-101.205893,946,0.032,0.2252,0.1798,0.14800000000000002,0.1349,0.1978,0.0712,0.0111,0.1951,0.2528,0.2046,0.0903,0.2572,0.0,3.0,0.0252999998629093,71.1796646118164,20.9498443603516,0.0,4.845191955566411,4.845191955566411,1,1,1,1,1,1,1
48047,27.034994,-98.215276,57,0.1747,0.7248,0.1005,0.0,0.0,0.0,0.0,0.0,0.0236,0.0371,0.0248,0.015,0.8995,0.0,0.0,0.032200001180172,94.69338989257808,0.0,4.696412086486821,0.577999174594879,5.27441120147705,2,1,1,1,1,1,1
48049,31.764103000000002,-98.99847,415,0.0642,0.4993,0.3864,0.0386,0.0082,0.0033,0.0,0.0,0.1036,0.1207,0.0969,0.1153,0.5635,0.0,0.0,0.5242999792099,58.7830657958984,10.352895736694302,29.656192779541,0.683545112609863,30.3397369384766,1,1,1,1,1,1,1
48051,30.493487,-96.622091,93,0.05,0.4551,0.4726,0.0223,0.0,0.0,0.0,0.0,0.0903,0.1415,0.1239,0.1392,0.5051,0.0,0.0,1.37339997291565,43.854034423828104,9.23977661132813,45.3935127258301,0.139274597167969,45.532787322998,1,1,1,1,1,1,1
48055,29.840421999999997,-97.631097,140,0.0742,0.4317,0.4276,0.0663,0.0002,0.0,0.0,0.0,0.0821,0.1734,0.1106,0.128,0.5059,0.0,0.0,6.00970029830933,40.1621551513672,6.91927003860474,46.7388305664063,0.17004549503326402,46.9088745117188,1,1,1,1,1,1,1
48053,30.789616,-98.201195,411,0.0194,0.2816,0.5695,0.1031,0.0206,0.0058,0.0,0.0,0.1896,0.2117,0.1923,0.1054,0.301,0.0,0.0,0.34709998965263394,12.2640552520752,86.2380599975586,1.09207606315613,0.0587089918553829,1.1507850885391202,1,1,3,1,1,1,2
48057,28.445365999999996,-96.5833,5,0.1751,0.3395,0.0248,0.0001,0.0,0.0,0.0,0.0,0.006999999999999999,0.0059,0.0072,0.0048,0.5146,63.0,0.0,0.0,3.449059009552,33.1237106323242,0.0,0.427230298519135,0.427230298519135,7,7,7,7,7,7,7
48059,32.29315,-99.372249,529,0.0261,0.3139,0.4217,0.1298,0.0622,0.0445,0.0018,0.0,0.2546,0.1794,0.0632,0.1628,0.34,0.0,0.0,0.0856999978423119,63.830173492431605,5.95879602432251,30.0601463317871,0.0651859566569328,30.1253318786621,1,1,1,1,1,1,1
48063,32.974581,-94.979085,117,0.03,0.3514,0.5253,0.0924,0.0009,0.0,0.0,0.0,0.1444,0.1861,0.1602,0.1279,0.3814,0.0,0.0,0.688300013542175,6.9421968460083,70.5572052001953,21.5188255310059,0.293471992015839,21.812297821044897,3,2,1,1,1,1,1
48061,26.102923,-97.47895799999999,6,0.1914,0.7472,0.0614,0.0,0.0,0.0,0.0,0.0,0.0127,0.0158,0.0196,0.0133,0.9386,1.9953998327255202,0.0,20.2461986541748,51.4958686828613,7.24556303024292,1.9073486328125e-06,19.0169696807861,19.0169715881348,1,1,1,1,1,1,1
48065,35.405496,-101.355356,1044,0.0914,0.6146,0.2751,0.0188,0.0001,0.0,0.0,0.0,0.0498,0.1147,0.067,0.0625,0.706,0.0,0.0,0.00202811718918383,74.3642959594727,0.0,1.9073486328125e-06,25.633670806884798,25.6336727142334,1,1,1,1,1,1,1
48067,33.083698,-94.357579,95,0.0149,0.1924,0.503,0.2732,0.016,0.0005,0.0,0.0,0.1884,0.2268,0.185,0.1925,0.2073,0.0,0.0,0.365747928619385,8.918657302856449,90.671142578125,0.0,0.0444520488381386,0.0444520488381386,3,2,1,1,1,1,1
48069,34.533621000000004,-102.258786,1144,0.1178,0.7282,0.153,0.001,0.0,0.0,0.0,0.0,0.0212,0.0479,0.0531,0.0318,0.846,0.0,0.0,0.103399999439716,53.9854888916016,2.98173975944519,0.0,42.929370880127,42.929370880127,1,1,1,1,1,1,1
48071,29.703933000000003,-94.668875,3,0.3238,0.5934,0.0734,0.0094,0.0,0.0,0.0,0.0,0.0155,0.0243,0.0203,0.0227,0.9172,55.0,2.0,0.007400000002235171,7.55776119232178,33.4332313537598,2.00160717964172,0.0,2.00160717964172,1,1,1,3,1,1,1
48073,31.843859000000002,-95.156504,185,0.0139,0.1424,0.4086,0.3062,0.1015,0.0274,0.0,0.0,0.1702,0.2414,0.1895,0.2426,0.1563,0.0,0.0,0.484199970960617,9.05496025085449,70.2369232177734,20.105783462524396,0.11813370138406801,20.2239170074463,3,2,1,1,1,1,1
48075,34.529337,-100.208336,568,0.028999999999999998,0.3858,0.5361,0.0491,0.0,0.0,0.0,0.0,0.1217,0.2337,0.105,0.1248,0.4148,0.0,0.0,0.24770000576973003,97.555419921875,0.310768932104111,0.0,1.88611495494843,1.88611495494843,1,1,1,1,1,1,1
48077,33.785903999999995,-98.212918,301,0.079,0.6272,0.2892,0.0046,0.0,0.0,0.0,0.0,0.0839,0.0816,0.0492,0.0791,0.7062,0.0,0.0,0.130400002002716,61.1887283325195,0.9033396244049069,37.6423835754395,0.135148495435715,37.777530670166,1,1,1,1,1,1,1
48079,33.60844,-102.830449,1150,0.0974,0.6735,0.2281,0.001,0.0,0.0,0.0,0.0,0.0518,0.0746,0.0539,0.0488,0.7709,0.0,0.0,0.04509999975562099,86.0479965209961,1.16203272342682,9.5367431640625e-07,12.744870185852099,12.744871139526401,1,1,1,1,1,1,1
48081,31.877105,-100.63523599999999,627,0.0209,0.2999,0.475,0.1338,0.023,0.0379,0.0095,0.0,0.2488,0.2427,0.1039,0.0838,0.3208,0.0,0.0,0.0114999990910292,97.8291015625,2.15038180351257,0.0,0.009019237942993641,0.009019237942993641,1,1,3,1,1,1,2
48083,31.914205,-99.346622,484,0.0422,0.3664,0.446,0.1291,0.0154,0.0009,0.0,0.0,0.1559,0.1436,0.1415,0.1504,0.4086,0.0,0.0,0.11739999800920499,93.3492584228516,6.31283092498779,0.0,0.220510795712471,0.220510795712471,1,1,1,1,1,1,1
48085,33.193884999999995,-96.578153,167,0.0628,0.5288,0.3608,0.0476,0.0,0.0,0.0,0.0,0.0696,0.1467,0.0854,0.1067,0.5916,20.7835006713867,0.0,10.8844003677368,34.435592651367195,1.9242694377899199,31.849781036377,0.122455798089504,31.9722366333008,1,1,1,3,1,1,4
48087,34.963358,-100.27213499999999,631,0.017,0.2352,0.5794,0.1667,0.0017,0.0,0.0,0.0,0.1596,0.2506,0.1431,0.1945,0.2522,0.0,11.9860992431641,4.00929975509644,66.5387725830078,0.0,0.0,17.4658298492432,17.4658298492432,1,1,1,1,1,1,1
48089,29.595908,-96.50838900000001,60,0.1673,0.6406,0.1858,0.0063,0.0,0.0,0.0,0.0,0.0448,0.0582,0.0426,0.0465,0.8079,0.0,0.0,0.241499990224838,41.748142242431605,5.484023571014401,25.305112838745103,27.221220016479503,52.5263328552246,1,1,1,1,1,1,1
48091,29.803019,-98.255201,315,0.0047,0.0508,0.2567,0.3704,0.1377,0.1615,0.0161,0.0021,0.235,0.2765,0.2626,0.1704,0.0555,0.0,0.0,2.6207001209259,19.8659439086914,74.53802490234379,2.9074740409851096,0.0678562298417091,2.9753303527832,1,1,1,3,1,1,4
48093,31.951645000000003,-98.549617,405,0.0502,0.4073,0.466,0.0762,0.0003,0.0,0.0,0.0,0.1745,0.1881,0.1039,0.076,0.4575,0.0,0.0,0.11469999700784698,63.158145904540994,0.971462428569794,30.267042160034197,5.48864984512329,35.7556915283203,1,1,1,1,1,1,1
48095,31.318865000000002,-99.863648,610,0.0248,0.3395,0.5449,0.0836,0.0071,0.0001,0.0,0.0,0.2193,0.2019,0.0871,0.1274,0.3643,0.0,0.0,0.236399993300438,97.3579330444336,0.27597373723983804,0.0,2.12969493865967,2.12969493865967,1,1,3,1,1,1,2
48097,33.639169,-97.21037199999999,251,0.043,0.4561,0.4549,0.0449,0.0011,0.0,0.0,0.0,0.1046,0.1727,0.1128,0.1108,0.4991,0.0,0.0,0.49409997463226296,42.865760803222706,2.5774898529052703,53.5383453369141,0.52430522441864,54.062648773193395,1,1,1,1,1,1,2
48099,31.391177000000003,-97.798022,291,0.015,0.2028,0.5167,0.2253,0.039,0.0012,0.0,0.0,0.2376,0.2616,0.1792,0.1038,0.2178,0.0,0.0,0.25079998373985296,27.154956817627,54.830039978027294,17.7642040252686,0.0,17.7642040252686,1,1,1,1,1,1,1
48101,34.091906,-100.276442,533,0.071,0.6135,0.3066,0.0089,0.0,0.0,0.0,0.0,0.0497,0.1294,0.0839,0.0525,0.6845,0.0,0.0,0.00519999954849482,98.5452041625977,0.0,1.1920928955078099e-07,1.44959604740143,1.4495961666107198,1,1,1,1,1,1,1
48103,31.422796999999996,-102.487774,747,0.2066,0.736,0.0574,0.0,0.0,0.0,0.0,0.0,0.0047,0.0134,0.0175,0.0218,0.9426,0.0,99.98291778564449,0.0,4.42194368588389e-06,0.0,0.0,0.0170771591365337,0.0170771591365337,1,1,1,1,1,2,1
48105,30.717532000000002,-101.404211,733,0.036000000000000004,0.2764,0.3125,0.2532,0.10099999999999999,0.0209,0.0,0.0,0.1275,0.1452,0.2021,0.2128,0.3124,0.0,0.0,0.0,99.9882659912109,0.0,0.0,0.0117365103214979,0.0117365103214979,1,1,3,1,1,1,2
48107,33.609144,-101.29871,919,0.1472,0.7164,0.1097,0.012,0.0095,0.0052,0.0,0.0,0.0202,0.0463,0.0418,0.0281,0.8636,0.0,0.0,0.0368999987840652,87.4144821166992,8.257739067077638,0.0,4.29087591171265,4.29087591171265,1,1,1,1,1,1,1
48109,31.445909000000004,-104.526945,1354,0.0209,0.2632,0.5892,0.1163,0.0072,0.0032,0.0,0.0,0.2169,0.2201,0.1835,0.0954,0.2841,0.0,68.39999389648439,0.0,31.6000022888184,0.0,0.0,0.0,0.0,1,1,3,1,1,1,2
48111,36.28637,-102.59402,1246,0.1447,0.7259,0.1293,0.0001,0.0,0.0,0.0,0.0,0.0145,0.0579,0.036000000000000004,0.021,0.8706,0.0,0.0,0.082299992442131,68.72744750976561,4.395851135253911,0.0,26.7943992614746,26.7943992614746,1,1,1,1,1,1,1
48113,32.766987,-96.778424,130,0.0854,0.5221,0.337,0.046,0.0071,0.0024,0.0,0.0,0.0801,0.0889,0.1005,0.12300000000000001,0.6075,0.987799942493439,0.0,3.20040011405945,40.608303070068395,11.775221824646001,42.4592933654785,0.968981385231018,43.4282760620117,1,1,1,3,1,1,4
48119,33.385933,-95.67335,135,0.0781,0.5896,0.3228,0.0095,0.0,0.0,0.0,0.0,0.067,0.1089,0.0731,0.0833,0.6677,16.0,4.97469902038574,0.363999992609024,16.0996017456055,19.079025268554698,42.082550048828104,1.40012300014496,43.4826736450195,1,1,1,1,1,1,1
48115,32.741934,-101.947322,896,0.1202,0.648,0.2262,0.0056,0.0,0.0,0.0,0.0,0.0442,0.0729,0.06,0.0547,0.7682,0.0,68.9276962280273,0.10639999806881,20.261100769043,0.0,9.5367431640625e-07,10.7047996520996,10.704800605773901,1,1,1,1,1,1,1
48117,34.940765999999996,-102.607564,1204,0.1025,0.6852,0.2104,0.0019,0.0,0.0,0.0,0.0,0.0298,0.07,0.0773,0.0352,0.7877,0.0,0.0,0.0536194257438183,71.0963668823242,4.0450110435485795,0.0,24.8050003051758,24.8050003051758,1,1,1,1,1,1,1
48123,29.082341999999997,-97.36165600000001,68,0.0606,0.4883,0.4227,0.0284,0.0,0.0,0.0,0.0,0.1289,0.1266,0.0921,0.1035,0.5489,0.0,0.0,0.28489997982978804,66.65115356445311,7.10402059555054,25.650785446167003,0.30914369225502003,25.9599285125732,1,1,1,1,1,1,1
48121,33.205005,-97.119046,172,0.0368,0.3725,0.4552,0.122,0.0076,0.0048,0.0011,0.0,0.14,0.1936,0.1281,0.129,0.4093,6.7905998229980495,0.0,48.10749816894529,18.3053512573242,2.9413070678710898,23.761083602905302,0.0941609367728233,23.8552436828613,1,1,1,1,1,1,1
48125,33.614666,-100.78609499999999,658,0.0115,0.1128,0.2687,0.449,0.1345,0.0235,0.0,0.0,0.20800000000000002,0.2892,0.1819,0.1966,0.1243,0.0,0.0,0.103399999439716,95.4256057739258,2.48627758026123,0.0,1.98471796512604,1.98471796512604,1,1,1,1,1,1,1
48127,28.423587,-99.76587099999999,181,0.1254,0.6919,0.1825,0.0002,0.0,0.0,0.0,0.0,0.0649,0.052000000000000005,0.0358,0.03,0.8173,0.0,0.0,0.00860000029206276,96.69662475585942,0.0,3.23525762557983,0.0595169216394424,3.29477453231812,1,1,2,2,1,1,3
48129,34.955036,-100.815846,813,0.0223,0.2735,0.5434,0.157,0.0038,0.0,0.0,0.0,0.18600000000000003,0.2441,0.1538,0.1203,0.2958,0.0,0.0,0.007499999832361941,64.8302154541016,33.695667266845696,0.0,1.46661400794983,1.46661400794983,1,1,1,1,1,1,1
48131,27.681123,-98.497393,135,0.126,0.6957,0.1783,0.0,0.0,0.0,0.0,0.0,0.0462,0.0563,0.0527,0.0231,0.8217,0.0,0.0,0.0390999987721443,63.1392707824707,6.68242883682251,28.769029617309602,1.37017095088959,30.1392002105713,1,1,1,1,1,1,1
48133,32.324645000000004,-98.83655999999999,478,0.0812,0.6032,0.3022,0.0134,0.0,0.0,0.0,0.0,0.0712,0.1194,0.0697,0.0553,0.6844,0.0,0.0,0.113599993288517,61.0329513549805,4.663805961608889,33.168590545654304,1.0210540294647201,34.1896438598633,1,1,1,1,1,1,1
48137,29.985877000000002,-100.307373,701,0.0177,0.16399999999999998,0.5574,0.2438,0.0166,0.0005,0.0,0.0,0.1752,0.2157,0.1959,0.2315,0.1817,0.0,0.0,0.0,54.927806854248,45.067081451415994,0.0,0.00511131109669805,0.00511131109669805,1,1,3,1,1,1,2
48135,31.865301000000002,-102.542507,933,0.1347,0.6777,0.1864,0.0012,0.0,0.0,0.0,0.0,0.0485,0.0609,0.0345,0.0437,0.8124,0.0,78.0287704467773,0.0217000003904104,21.914087295532198,0.0,0.0,0.0354419685900211,0.0354419685900211,1,1,1,1,1,1,1
48139,32.347279,-96.79833599999999,158,0.0934,0.5887,0.2997,0.0182,0.0,0.0,0.0,0.0,0.0654,0.1274,0.0568,0.0683,0.6821,0.0,0.0,0.536099970340729,44.24909973144529,3.15906691551208,51.725067138671896,0.330667495727539,52.0557327270508,1,1,1,3,1,1,4
48141,31.766403000000004,-106.241391,1222,0.1033,0.5628,0.2959,0.0352,0.0027,0.0001,0.0,0.0,0.0504,0.0494,0.0966,0.1375,0.6661,0.0,56.2734603881836,3.58609986305237,14.744964599609402,4.83492422103882,1.9073486328125e-06,20.5605506896973,20.5605525970459,1,1,1,1,1,2,1
48143,32.238136,-98.22237700000001,401,0.0426,0.40700000000000003,0.5045,0.0459,0.0,0.0,0.0,0.0,0.1087,0.1784,0.1437,0.1196,0.4496,0.0,0.0,0.5597999691963199,41.553615570068395,2.77262234687805,51.8689155578613,3.2450430393219,55.1139602661133,1,1,1,1,1,1,1
48147,33.591161,-96.104988,204,0.0713,0.5838,0.3161,0.0288,0.0,0.0,0.0,0.0,0.07400000000000001,0.1064,0.055,0.1095,0.6551,2.9892001152038596,0.0,0.245399996638298,50.653450012207,1.33967995643616,41.97922897338871,2.79304194450378,44.7722702026367,1,1,1,3,1,1,4
48145,31.251929999999998,-96.934128,102,0.1577,0.6319,0.1819,0.0264,0.002,0.0001,0.0,0.0,0.0518,0.0675,0.0399,0.0512,0.7896,0.0,0.0,0.32639998197555503,67.91986083984379,3.0612618923187296,28.192392349243196,0.500081479549408,28.6924743652344,1,1,1,1,1,1,1
48149,29.877886,-96.921231,102,0.0453,0.3454,0.4705,0.1031,0.0222,0.0135,0.0,0.0,0.1431,0.1704,0.1797,0.1161,0.3907,0.0,6.967498779296879,0.45879998803138705,41.867336273193395,2.60509014129639,47.5993843078613,0.5018908977508539,48.1012763977051,1,1,1,2,1,1,3
48151,32.740473,-100.40312,602,0.0485,0.4203,0.489,0.0417,0.0005,0.0,0.0,0.0,0.1471,0.16699999999999998,0.0848,0.1323,0.4688,0.0,1.0,0.0188999995589256,97.7818756103516,0.26532328128814703,0.0,0.9339007139205929,0.9339007139205929,1,1,1,1,1,1,1
48153,34.073731,-101.303274,964,0.0714,0.5325,0.3704,0.0257,0.0,0.0,0.0,0.0,0.0854,0.1247,0.0846,0.1014,0.6039,0.0,0.0,0.373818606138229,59.525260925293,0.0,0.0,40.100921630859396,40.100921630859396,1,1,1,1,1,1,1
48155,33.980404,-99.777427,443,0.1424,0.7298,0.1277,0.0001,0.0,0.0,0.0,0.0,0.0439,0.0401,0.0275,0.0163,0.8722,0.0,0.0,0.0,73.630989074707,0.0,25.0161304473877,1.35287797451019,26.369009017944304,1,1,1,1,1,1,1
48157,29.526602,-95.771015,23,0.3492,0.5994,0.0501,0.0013,0.0,0.0,0.0,0.0,0.011000000000000001,0.0132,0.0134,0.0138,0.9486,0.0,8.92219924926758,0.780899941921234,57.5124855041504,4.58341264724731,26.2314014434814,1.96959805488586,28.201000213623,1,1,2,3,1,1,4
48159,33.175846,-95.219066,149,0.027999999999999997,0.3365,0.5274,0.1009,0.006999999999999999,0.0002,0.0,0.0,0.1322,0.192,0.161,0.1503,0.3645,16.8691997528076,0.0,0.72819995880127,11.129784584045401,29.1410598754883,41.7463874816895,0.38536709547042797,42.1317558288574,3,2,1,1,1,1,1
48161,31.701653999999998,-96.144237,132,0.0533,0.4335,0.4554,0.0556,0.0022,0.0,0.0,0.0,0.1349,0.1411,0.1048,0.1324,0.4868,0.0,0.0,0.309699982404709,37.827644348144496,16.918571472168,44.85197448730471,0.0921078100800514,44.9440841674805,1,1,1,1,1,1,1
48171,30.326390000000004,-98.94210600000001,540,0.0194,0.2042,0.4465,0.2442,0.0687,0.017,0.0,0.0,0.1273,0.2195,0.2487,0.1809,0.2236,0.0,0.0,0.443499982357025,73.4658126831055,0.800390243530273,23.173875808715803,2.11642503738403,25.2903003692627,1,1,1,1,1,1,1
48163,28.869334000000002,-99.108788,179,0.0687,0.5215,0.3994,0.0104,0.0,0.0,0.0,0.0,0.0631,0.0988,0.1097,0.1382,0.5902,0.0,0.0,0.19189999997615803,78.8574600219727,13.677486419677699,0.822332382202148,6.4508228302002,7.27315521240234,1,1,1,1,1,1,1
48167,29.228706,-94.894865,4,0.0307,0.1207,0.0475,0.0062,0.0,0.0,0.0,0.0,0.0157,0.0126,0.0107,0.0147,0.1514,0.0,0.0,0.0,0.0,0.0,0.0,0.0,0.0,0,0,0,0,0,0,0
48179,35.402542,-100.812374,898,0.0131,0.183,0.5673,0.23399999999999999,0.0026,0.0,0.0,0.0,0.2395,0.2698,0.1215,0.1731,0.1961,0.0,0.0,0.0308999978005886,98.3292236328125,0.112271517515182,0.0,1.5276050567627,1.5276050567627,1,1,1,1,1,1,1
48165,32.743942,-102.631562,997,0.0649,0.4706,0.4209,0.0423,0.0013,0.0,0.0,0.0,0.0922,0.1518,0.1221,0.0984,0.5355,0.0,17.9734954833984,0.119699999690056,65.1215057373047,0.0,0.0,16.7852993011475,16.7852993011475,1,1,1,1,1,1,1
48169,33.183792,-101.30113399999999,732,0.061,0.4693,0.3545,0.0911,0.0212,0.0029,0.0,0.0,0.105,0.1408,0.1209,0.10300000000000001,0.5303,0.0,0.0,0.0,99.37952423095699,0.505803406238556,7.45058059692383e-09,0.114673800766468,0.11467380821704902,1,1,1,1,1,1,1
48173,31.868591,-101.528971,812,0.0731,0.5049,0.4156,0.0064,0.0,0.0,0.0,0.0,0.1362,0.1216,0.0573,0.1069,0.578,0.0,60.732696533203104,0.0598575808107853,19.338609695434602,0.0,0.0,19.868839263915998,19.868839263915998,1,1,1,1,1,2,1
48175,28.6607,-97.430415,51,0.1544,0.6251,0.2057,0.0145,0.0003,0.0,0.0,0.0,0.0528,0.0608,0.0529,0.054000000000000006,0.7795,0.0,0.0,0.0949999988079071,43.5069465637207,27.197813034057603,29.1979293823242,0.0023121249396354,29.200241088867198,1,1,1,1,1,1,1
48177,29.468704,-97.477738,91,0.1162,0.5852,0.28,0.0186,0.0,0.0,0.0,0.0,0.0907,0.0869,0.0554,0.0656,0.7014,0.0,0.0,0.11659999936819099,79.10569763183591,0.447446942329407,19.1006813049316,1.22957599163055,20.330257415771502,1,1,1,2,1,1,3
48181,33.624508,-96.675699,242,0.0253,0.3365,0.5491,0.0876,0.0015,0.0,0.0,0.0,0.1392,0.2297,0.0915,0.1778,0.3618,0.0,0.0,5.92960023880005,62.7987174987793,1.26457536220551,28.559452056884798,1.4476569890975999,30.007108688354503,1,1,1,3,1,1,4
48183,32.486397,-94.816276,91,0.0495,0.3871,0.4306,0.1142,0.0175,0.0011,0.0,0.0,0.1288,0.1686,0.1319,0.1341,0.4366,0.0,0.0,1.4585000276565598,9.12340354919434,76.5121612548828,12.603720664978,0.302214503288269,12.9059352874756,3,2,1,1,1,1,1
48185,30.543231,-95.98808199999999,112,0.0378,0.3843,0.5322,0.0457,0.0,0.0,0.0,0.0,0.1533,0.128,0.1299,0.1667,0.4221,0.0,0.0,0.629700005054474,29.687179565429698,40.9599380493164,27.8087940216064,0.914388716220856,28.7231826782227,1,1,1,1,1,1,1
48189,34.068436,-101.822888,1029,0.0919,0.644,0.259,0.0041,0.0007,0.0003,0.0,0.0,0.0456,0.0982,0.0637,0.0566,0.7359,0.0,0.0,0.0036381862591952103,38.9805679321289,0.0,3.814697265625e-06,61.0157890319824,61.01579284667971,1,1,1,1,1,1,1
48191,34.453189,-100.57634300000001,605,0.0038,0.0677,0.4097,0.4884,0.028999999999999998,0.0014,0.0,0.0,0.1663,0.2382,0.2759,0.2481,0.0715,0.0,0.0,0.0162000004202127,98.9927291870117,0.0656698197126389,0.0,0.9254019260406491,0.9254019260406491,1,1,1,1,1,1,1
48193,31.706982,-98.11179399999999,353,0.0299,0.4397,0.4954,0.035,0.0,0.0,0.0,0.0,0.1336,0.2025,0.1042,0.0901,0.4696,0.0,0.0,0.18039999902248396,50.8142509460449,15.516211509704599,33.3064117431641,0.18272510170936604,33.4891357421875,1,1,1,1,1,1,2
48195,36.272847,-101.35693,950,0.0447,0.3437,0.3632,0.2262,0.0219,0.0003,0.0,0.0,0.1393,0.1923,0.1104,0.1696,0.3884,0.0,0.0,0.0149185750633478,57.187870025634794,0.0,0.0,42.797210693359396,42.797210693359396,1,1,1,1,1,1,1
48197,34.289904,-99.74569699999999,475,0.0358,0.4345,0.4727,0.0548,0.0022,0.0,0.0,0.0,0.1237,0.1842,0.0977,0.1241,0.4703,0.0,0.0,0.0160000007599592,57.3745346069336,21.6396636962891,20.0736865997314,0.8961148262023929,20.969800949096697,1,1,1,1,1,1,1
48187,29.583208000000003,-97.949027,152,0.0818,0.5111,0.3771,0.0298,0.0002,0.0,0.0,0.0,0.1036,0.1276,0.0737,0.1022,0.5929,0.0,0.0,0.8064000010490421,32.2936019897461,29.926477432251,36.917671203613295,0.0558494888246059,36.9735221862793,1,1,1,1,1,1,1
48203,32.547993,-94.374425,112,0.0279,0.2737,0.5599,0.1376,0.0006,0.0003,0.0,0.0,0.1649,0.1901,0.1664,0.177,0.3016,0.0,0.0,0.539081931114197,8.90014362335205,90.4829559326172,7.45058059692383e-09,0.0778180435299873,0.0778180509805679,3,2,1,1,1,1,1
48199,30.329612,-94.393149,30,0.0733,0.507,0.37,0.0492,0.0005,0.0,0.0,0.0,0.1069,0.1124,0.1024,0.098,0.5803,0.0,0.0,0.630608558654785,8.89840602874756,90.4652938842773,0.0,0.00569144589826465,0.00569144589826465,3,2,1,2,1,1,1
48201,29.857273,-95.39303699999999,20,0.1126,0.605,0.2314,0.0373,0.0077,0.0052,0.0008,0.0,0.0631,0.0774,0.0742,0.0677,0.7176,0.0,0.0,99.9987640380859,9.69890970736742e-06,0.0,0.0,0.00122626300435513,0.00122626300435513,1,1,3,2,1,1,4
48205,35.840244,-102.610047,1138,0.0366,0.4011,0.4567,0.0966,0.0089,0.0001,0.0,0.0,0.0868,0.2025,0.1476,0.1254,0.4377,0.0,0.0,0.0126000000163913,99.33056640625,0.656836271286011,0.0,0.0,0.0,1,1,1,1,1,1,1
48207,33.175965000000005,-99.730773,467,0.14,0.7474,0.1126,0.0,0.0,0.0,0.0,0.0,0.0159,0.0553,0.0201,0.0213,0.8874,0.0,0.0,0.0219999998807907,93.3247222900391,0.6347721815109251,0.0,6.018506050109861,6.018506050109861,1,1,1,1,1,1,1
48209,30.061225,-98.029267,274,0.019,0.2225,0.4997,0.1888,0.0466,0.0234,0.0,0.0,0.1775,0.2396,0.2185,0.1229,0.2415,0.0,0.0,1.36699998378754,11.5166349411011,87.09036254882808,1.86264514923096e-09,0.0260024592280388,0.0260024610906839,1,1,1,3,1,1,4
48211,35.816237,-100.284807,769,0.0151,0.2378,0.4889,0.2558,0.0024,0.0,0.0,0.0,0.1514,0.2583,0.1111,0.2263,0.2529,0.0,0.0,0.0126000000163913,67.3225555419922,0.69896787405014,30.9716529846191,0.9942209720611569,31.9658737182617,1,1,1,1,1,1,1
48213,32.211633,-95.853418,154,0.0356,0.3346,0.5134,0.1145,0.0019,0.0,0.0,0.0,0.1293,0.1628,0.1594,0.1783,0.3702,0.0,0.0,1.11290001869202,6.53961944580078,23.2239990234375,68.94943237304689,0.174045994877815,69.1234817504883,3,2,1,1,1,1,1
48215,26.396384,-98.18099000000001,29,0.2506,0.7089,0.0404,0.0001,0.0,0.0,0.0,0.0,0.0094,0.0101,0.0083,0.0127,0.9595,0.0,0.0,13.934999465942399,33.3335800170898,0.0,3.814697265625e-06,52.731418609619105,52.7314224243164,1,1,1,1,1,1,1
48217,31.98224,-97.129886,185,0.0843,0.5392,0.3407,0.0358,0.0,0.0,0.0,0.0,0.0774,0.0639,0.0804,0.1548,0.6235,0.0,0.0,0.356699973344803,87.6764297485352,0.346715956926346,10.3915643692017,1.2285870313644398,11.6201515197754,1,1,1,3,1,1,4
48221,32.430149,-97.831677,273,0.0208,0.2433,0.5132,0.1868,0.0241,0.0118,0.0,0.0,0.1871,0.2479,0.1398,0.1611,0.2641,25.7743988037109,0.0,1.9694999456405602,25.8512287139893,31.441225051879897,14.628560066223098,0.33508720993995694,14.963646888732901,1,1,1,1,1,1,1
48219,33.605932,-102.343398,1057,0.1666,0.7149,0.1184,0.0001,0.0,0.0,0.0,0.0,0.0191,0.0443,0.0291,0.026000000000000002,0.8815,0.0,33.069091796875,0.12597976624965698,28.527198791503896,0.0,0.0,38.27772903442379,38.27772903442379,1,1,1,1,1,1,1
48229,31.450868,-105.377549,1389,0.0762,0.5367,0.3515,0.0292,0.0061,0.0003,0.0,0.0,0.1743,0.0898,0.0747,0.0483,0.6129,0.0,26.775207519531303,0.0296000000089407,72.7649841308594,0.0,0.0,0.43020710349082897,0.43020710349082897,1,1,2,1,1,1,2
48227,32.303583,-101.43853,754,0.0736,0.5467,0.34299999999999997,0.0359,0.0008,0.0,0.0,0.0,0.0356,0.1321,0.1432,0.0688,0.6203,3.9914999008178698,0.0,0.0831999927759171,95.61023712158199,0.138770043849945,0.0,0.17629219591617604,0.17629219591617604,1,1,2,1,1,1,2
48223,33.148959000000005,-95.56519399999999,146,0.0466,0.4672,0.4427,0.0405,0.0023,0.0007,0.0,0.0,0.1403,0.1312,0.0823,0.1324,0.5138,0.0,0.0,0.973199963569641,2.78134632110596,8.4472131729126,87.3001251220703,0.498114585876465,87.7982406616211,2,2,1,1,1,1,1
48231,33.123438,-96.083807,155,0.0582,0.5266,0.395,0.0202,0.0,0.0,0.0,0.0,0.083,0.1462,0.0884,0.0976,0.5848,50.6543998718262,0.0,0.705899953842163,22.468021392822298,6.32024478912354,19.7716045379639,0.0798292234539986,19.8514347076416,1,1,1,1,1,1,1
48225,31.323036,-95.4216,113,0.0282,0.3025,0.5469,0.1191,0.0033,0.0,0.0,0.0,0.1125,0.1656,0.1861,0.2051,0.3307,0.0,0.0,0.0909327045083046,11.8470468521118,87.1757583618164,0.42640683054923995,0.459854990243912,0.886261820793152,3,2,1,1,1,1,1
48233,35.837047,-101.362746,850,0.0607,0.3456,0.3575,0.2064,0.0186,0.0111,0.0001,0.0,0.1612,0.1605,0.1373,0.1347,0.4063,0.0,0.0,0.17959998548030898,99.57058715820308,0.20891094207763697,0.0,0.0409055799245834,0.0409055799245834,1,1,1,1,1,1,1
48235,31.303424,-100.98130400000001,751,0.0124,0.1716,0.5489999999999999,0.2081,0.0509,0.008,0.0,0.0,0.2701,0.1915,0.1319,0.2225,0.184,0.0,0.0,0.0211999975144863,99.7635650634766,0.21523757278919198,0.0,0.0,0.0,1,1,3,1,1,1,2
48237,33.232277,-98.171902,339,0.0222,0.3018,0.4882,0.1594,0.0262,0.0022,0.0,0.0,0.2051,0.2034,0.0928,0.1747,0.324,0.0,0.0,0.0480999983847141,67.8881072998047,2.04689168930054,30.0012550354004,0.015641400590539,30.0168972015381,1,1,1,1,1,1,1
48239,28.959802000000003,-96.58908000000001,18,0.2244,0.5658,0.182,0.0277,0.0001,0.0,0.0,0.0,0.0455,0.0583,0.0476,0.0584,0.7902,0.0,10.0,0.122599996626377,52.8530158996582,17.358201980590803,13.7032976150513,5.96288394927979,19.6661815643311,1,1,2,2,1,1,4
48241,30.752932,-94.02229399999999,54,0.0451,0.3859,0.4767,0.0912,0.0011,0.0,0.0,0.0,0.1143,0.159,0.1626,0.1331,0.431,0.0,0.0,0.529399991035461,8.95012474060059,84.6901397705078,5.77646207809448,0.0538728907704353,5.830335140228269,3,2,1,2,1,1,1
48245,29.854,-94.149331,4,0.27899999999999997,0.6633,0.0554,0.0023,0.0,0.0,0.0,0.0,0.0135,0.013999999999999999,0.0149,0.0153,0.9423,6.0,0.0,0.0,8.91352462768555,48.3548049926758,36.73167037963871,0.0,36.73167037963871,1,1,1,3,1,1,1
48247,27.041211999999998,-98.700127,145,0.2126,0.7481,0.0393,0.0,0.0,0.0,0.0,0.0,0.0101,0.0206,0.006999999999999999,0.0016,0.9607,0.0,0.0,0.0129999993368983,99.98699951171879,0.0,0.0,0.0,0.0,2,1,1,1,1,1,1
48243,30.617086999999998,-104.18786,1735,0.0107,0.3116,0.36200000000000004,0.1874,0.0477,0.0584,0.0215,0.0007,0.0707,0.1967,0.2955,0.1148,0.3223,0.0,5.65970611572266,0.0320000015199184,75.1932067871094,19.1150894165039,0.0,0.0,0.0,1,1,3,1,1,2,3
48251,32.379511,-97.364823,251,0.0329,0.3247,0.5631,0.0789,0.0004,0.0,0.0,0.0,0.142,0.2402,0.1301,0.1301,0.3576,0.0,0.0,1.63179993629456,40.270347595214794,3.42722797393799,54.426628112793,0.243995398283005,54.670623779296896,1,1,1,1,1,1,1
48249,27.733515999999998,-98.090814,57,0.1846,0.7451,0.0703,0.0,0.0,0.0,0.0,0.0,0.0155,0.0263,0.0186,0.0099,0.9297,0.0,0.0,0.249099999666214,49.1123542785645,18.8967113494873,31.2987403869629,0.443093687295914,31.741834640502898,1,1,1,1,1,1,1
48255,28.907618,-97.86076700000001,83,0.0691,0.4458,0.4349,0.0484,0.0018,0.0,0.0,0.0,0.1129,0.1743,0.1145,0.0834,0.5149,0.0,0.0,0.8522999882698059,83.6367645263672,5.839120388031009,9.39520740509033,0.27660590410232505,9.67181301116943,1,1,1,1,1,1,1
48253,32.743709,-99.87443,529,0.1396,0.6618,0.198,0.0006,0.0,0.0,0.0,0.0,0.0558,0.0639,0.0391,0.0398,0.8014,0.0,0.0,0.799199938774109,91.11444091796879,6.73465728759766,0.0,1.35170102119446,1.35170102119446,1,1,1,1,1,1,1
48257,32.598944,-96.28837800000001,136,0.0716,0.5717,0.3476,0.0088,0.0003,0.0,0.0,0.0,0.0643,0.0934,0.0837,0.1153,0.6433,0.0,0.0,1.23790001869202,39.9507904052734,11.4516515731812,47.358982086181605,0.0006762798875570299,47.359657287597706,1,1,1,1,1,1,1
48259,29.944523999999998,-98.71109399999999,432,0.0059,0.0852,0.45399999999999996,0.37200000000000005,0.0715,0.0113,0.0001,0.0,0.2871,0.2859,0.1798,0.1561,0.0911,0.0,0.0,3.36179995536804,24.2228736877441,61.194728851318395,10.925910949707001,0.29468730092048606,11.2205982208252,1,1,3,1,1,1,2
48261,26.890232,-97.591233,5,0.0962,0.2073,0.009000000000000001,0.0001,0.0,0.0,0.0,0.0,0.0021,0.0016,0.0024,0.003,0.3035,16.0,0.0,0.0,55.4096527099609,7.38472938537598,21.205617904663104,0.0,21.205617904663104,2,2,2,2,2,2,2
48263,33.184779999999996,-100.76971999999999,647,0.0363,0.4045,0.5025,0.0565,0.0002,0.0,0.0,0.0,0.2089,0.1918,0.0923,0.0662,0.4408,0.0,0.0,0.0,85.0171585083008,14.5671377182007,0.0,0.41570550203323403,0.41570550203323403,1,1,1,1,1,1,1
48265,30.053928000000003,-99.351968,597,0.0037,0.0409,0.2257,0.4672,0.1965,0.0658,0.0002,0.0,0.2592,0.2774,0.1987,0.2201,0.0446,0.0,0.0,0.189300000667572,12.9118900299072,85.4677734375,1.40286314487457,0.0281738601624966,1.4310369491577102,1,1,3,1,1,1,2
48267,30.479471999999998,-99.74639599999999,578,0.0163,0.1462,0.3654,0.2678,0.1144,0.0865,0.0034,0.0,0.2547,0.2464,0.1426,0.1938,0.1625,0.0,0.0,0.0380999967455864,81.7128601074219,18.2089214324951,0.0,0.0401174612343311,0.0401174612343311,1,1,3,1,1,1,2
48271,29.347087,-100.4177,347,0.1107,0.6137,0.2713,0.0043,0.0,0.0,0.0,0.0,0.0293,0.0649,0.0919,0.0895,0.7244,0.0,0.0,0.0728999972343445,99.5182113647461,0.32502183318138106,0.0,0.0838689431548119,0.0838689431548119,1,1,2,2,1,1,3
48269,33.614159,-100.250548,544,0.0463,0.3905,0.4599,0.0932,0.0093,0.0008,0.0,0.0,0.0848,0.1383,0.1436,0.1965,0.4368,0.0,0.0,0.0,81.6879119873047,18.3100833892822,0.0,0.00200466089881957,0.00200466089881957,1,1,1,1,1,1,1
48275,33.616657000000004,-99.747112,431,0.0916,0.6162,0.272,0.0195,0.0007,0.0,0.0,0.0,0.0561,0.0857,0.0795,0.0709,0.7078,0.0,6.99739837646484,0.0538000017404556,76.7126998901367,0.455223053693771,1.03057670593262,14.750300407409698,15.780877113342301,1,1,1,1,1,1,1
48273,27.438734999999998,-97.66062,7,0.2986,0.6287,0.0253,0.0005,0.0,0.0,0.0,0.0,0.0053,0.0035,0.0068,0.0102,0.9273,61.0,8.0,0.0141999991610646,23.128662109375,3.79350614547729,4.06286430358887,0.0007673347136005759,4.0636315345764205,2,2,3,3,2,2,5
48279,34.068862,-102.34801800000001,1098,0.0707,0.5054,0.3565,0.0667,0.0007,0.0,0.0,0.0,0.0871,0.1253,0.1132,0.0983,0.5761,0.0,5.9948005676269505,0.6776000261306759,47.629222869873,1.00781333446503,3.814697265625e-06,44.690559387207,44.6905632019043,1,1,1,1,1,1,1
48277,33.667263,-95.570348,165,0.0553,0.5549,0.384,0.0058,0.0,0.0,0.0,0.0,0.0553,0.1182,0.0848,0.1315,0.6102,0.0,0.0,0.41269999742507896,32.324596405029304,2.3719711303710898,64.10205078125,0.7886797785758969,64.8907318115234,1,1,1,1,1,1,1
48281,31.196731,-98.240889,369,0.0131,0.1857,0.5895,0.2001,0.0101,0.0015,0.0,0.0,0.1834,0.28800000000000003,0.1973,0.1325,0.1988,0.0,0.0,10.636800765991199,31.929569244384798,47.634464263915994,9.76698112487793,0.0321832709014416,9.79916477203369,1,1,1,1,1,1,1
48283,28.351097999999997,-99.096774,112,0.1387,0.7037,0.1576,0.0,0.0,0.0,0.0,0.0,0.0339,0.0175,0.0315,0.0747,0.8424,0.0,0.0,0.0325487591326237,14.2100772857666,85.55125427246091,0.0,0.20611959695815998,0.20611959695815998,1,1,2,2,1,1,3
48285,29.382578000000002,-96.923633,75,0.0757,0.5455,0.3733,0.0055,0.0,0.0,0.0,0.0,0.0614,0.0893,0.087,0.1411,0.6212,0.0,0.0,0.198999986052513,38.183048248291,32.100143432617195,29.3348236083984,0.1829843968153,29.517808914184602,1,1,1,1,1,1,1
48287,30.321105,-96.976365,123,0.0469,0.4085,0.5033,0.0411,0.0002,0.0,0.0,0.0,0.1399,0.1635,0.1257,0.1155,0.4554,0.0,0.0,7.74459981918335,50.809085845947294,1.74574780464172,39.314670562744105,0.38589319586753795,39.7005653381348,1,1,1,1,1,1,1
48289,31.300493,-95.995622,109,0.018000000000000002,0.2009,0.5337,0.2377,0.0093,0.0004,0.0,0.0,0.1598,0.2271,0.1816,0.2126,0.2189,0.0,0.0,0.249200001358986,32.223949432373,47.1963386535645,20.1853199005127,0.145190700888634,20.330511093139602,1,1,1,1,1,1,1
48291,30.162189,-94.822682,17,0.0917,0.4794,0.3769,0.0515,0.0005,0.0,0.0,0.0,0.11,0.0905,0.1079,0.1205,0.5711,0.0,0.0,6.716400146484379,9.75879859924316,61.961578369140604,21.5064582824707,0.0567649193108082,21.563222885131804,1,1,3,2,1,1,5
48295,36.2802,-100.272683,752,0.0281,0.3349,0.5299,0.107,0.0001,0.0,0.0,0.0,0.1718,0.2232,0.0698,0.1722,0.363,0.0,0.0,0.0,99.8171920776367,0.0,0.0,0.18280529975891102,0.18280529975891102,1,1,1,1,1,1,1
48293,31.547543,-96.593623,144,0.0751,0.5582,0.3491,0.0175,0.0001,0.0,0.0,0.0,0.07400000000000001,0.1297,0.0864,0.0766,0.6333,0.0,0.0,0.2533999979496,84.9647674560547,2.2488584518432595,12.5012035369873,0.0317701809108257,12.532973289489698,1,1,1,1,1,1,1
48299,30.707584999999998,-98.68469,464,0.004,0.0566,0.292,0.3353,0.1661,0.1436,0.0024,0.0,0.2708,0.2694,0.1932,0.20600000000000002,0.0606,0.0,0.0,0.0285999979823828,17.3374843597412,80.344841003418,1.97341632843018,0.315657585859299,2.2890739440918,1,1,1,1,1,1,1
48297,28.351535,-98.126961,66,0.0479,0.3697,0.5268,0.0556,0.0,0.0,0.0,0.0,0.1679,0.1803,0.105,0.1292,0.4176,0.0,0.0,0.0750999972224236,54.195949554443395,23.9444885253906,21.6637020111084,0.12075889855623198,21.784460067749,1,1,1,1,1,1,1
48301,31.844935999999997,-103.561229,878,0.1086,0.6705,0.2208,0.0001,0.0,0.0,0.0,0.0,0.0199,0.0521,0.0763,0.0726,0.7791,0.0,92.42507934570308,0.00649999966844916,7.5258526802063,0.0,0.0,0.0425671003758907,0.0425671003758907,1,1,2,1,1,2,2
48303,33.611469,-101.81994399999999,966,0.0478,0.4514,0.4148,0.083,0.003,0.0,0.0,0.0,0.1065,0.1521,0.1193,0.1229,0.4992,0.0,2.0,0.428899973630905,51.0186996459961,0.0,0.0,46.552398681640604,46.552398681640604,1,1,1,1,1,1,1
48305,33.178412,-101.818493,919,0.1229,0.63,0.2381,0.009000000000000001,0.0,0.0,0.0,0.0,0.0397,0.0516,0.0835,0.0723,0.7529,0.0,28.9922027587891,0.0297999996691942,54.418701171875,0.0,0.0,16.5592994689941,16.5592994689941,1,1,1,1,1,1,1
48307,31.205477000000002,-99.35985600000001,524,0.0485,0.4631,0.4553,0.032,0.0011,0.0,0.0,0.0,0.1052,0.1449,0.1382,0.1001,0.5116,0.0,0.0,0.086499996483326,69.8781814575195,30.0222339630127,9.313225746154791e-10,0.013082199729978998,0.0130822006613016,1,1,3,1,1,1,2
48309,31.549493,-97.201472,132,0.0709,0.5223,0.381,0.0239,0.0016,0.0003,0.0,0.0,0.1132,0.1498,0.1015,0.0423,0.5932,0.0,0.0,2.69980001449585,49.8985366821289,2.0057969093322803,44.8337898254395,0.5620763897895811,45.395866394043,1,1,1,3,1,1,4
48311,28.384921999999996,-98.57885300000001,92,0.0789,0.6136,0.2944,0.0129,0.0002,0.0,0.0,0.0,0.0437,0.1128,0.0804,0.0706,0.6925,0.0,0.0,0.031300000846386004,36.284820556640604,62.8033027648926,0.880577266216278,0.0,0.880577266216278,1,1,1,1,1,1,1
48313,30.966878,-95.93037199999999,87,0.0648,0.5416,0.387,0.0066,0.0,0.0,0.0,0.0,0.076,0.1132,0.1095,0.0949,0.6064,0.0,0.0,0.32299998402595503,37.1749839782715,25.1671981811523,37.2342109680176,0.10060550272464801,37.3348159790039,1,1,1,1,1,1,1
48315,32.797757,-94.35767299999999,80,0.0342,0.2741,0.4638,0.2126,0.0145,0.0008,0.0,0.0,0.1505,0.1568,0.19899999999999998,0.1854,0.3083,0.0,0.0,0.6627999544143679,12.6832370758057,81.673225402832,4.7907834053039595,0.189954206347466,4.980737686157231,3,2,1,1,1,1,1
48319,30.703232,-99.237608,442,0.0067,0.1089,0.442,0.3428,0.0761,0.0235,0.0,0.0,0.2367,0.2437,0.2037,0.2003,0.1156,0.0,0.0,0.00870000012218952,46.140529632568395,39.4636688232422,12.9184913635254,1.46861100196838,14.3871021270752,1,1,1,1,1,1,1
48317,32.30983,-101.961836,860,0.1026,0.6486,0.2458,0.003,0.0,0.0,0.0,0.0,0.0455,0.0647,0.0625,0.0761,0.7512,0.0,43.0,0.00910000037401915,54.742340087890604,0.0178456455469131,0.0,2.2307109832763703,2.2307109832763703,1,1,1,1,1,1,1
48321,28.783340999999997,-95.997755,5,0.2838,0.518,0.0725,0.0009,0.0,0.0,0.0,0.0,0.0142,0.0233,0.0156,0.0203,0.8018,51.0,0.0,0.0189999993890524,40.4096069335938,3.59024310112,4.9811506271362305,0.0,4.9811506271362305,7,7,7,7,7,7,7
48325,29.353661,-99.111085,247,0.08,0.5115,0.3615,0.047,0.0,0.0,0.0,0.0,0.0773,0.066,0.1061,0.1591,0.5915,0.0,0.0,0.26919999718666104,88.7091903686523,3.44245338439941,4.76837158203125e-07,7.57915496826172,7.57915544509888,1,1,1,3,1,1,4
48323,28.745216999999997,-100.311368,239,0.1203,0.6317,0.2475,0.0005,0.0,0.0,0.0,0.0,0.0765,0.0861,0.0454,0.04,0.752,0.0,0.0,0.00999999977648258,99.0407257080078,0.215797260403633,0.0,0.733477115631104,0.733477115631104,1,1,3,1,1,1,2
48327,30.883707,-99.854936,631,0.016,0.27699999999999997,0.5991,0.0888,0.0121,0.006999999999999999,0.0,0.0,0.2165,0.1996,0.0858,0.2051,0.293,0.0,0.0,0.0295000001788139,99.2494964599609,0.7068462371826171,9.313225746154791e-10,0.0141555797308683,0.0141555806621909,1,1,3,1,1,1,2
48329,31.870896000000002,-102.024326,815,0.0815,0.6428,0.2749,0.0008,0.0,0.0,0.0,0.0,0.0812,0.0699,0.0495,0.0751,0.7243,0.0,79.8831558227539,0.126812398433685,12.389495849609402,0.0,4.76837158203125e-07,7.600533962249759,7.6005344390869105,1,1,2,1,1,2,2
48331,30.791241999999997,-96.98439499999999,139,0.0415,0.386,0.5188,0.0532,0.0005,0.0,0.0,0.0,0.1355,0.1785,0.0916,0.1669,0.4275,0.0,0.0,0.7423000335693359,43.267330169677706,2.27989315986633,53.6021537780762,0.108323097229004,53.710475921630895,1,1,1,1,1,1,1
48333,31.494889,-98.594623,495,0.0146,0.2086,0.5842,0.1655,0.0217,0.0054,0.0,0.0,0.1636,0.2088,0.2139,0.1905,0.2232,0.0,0.0,0.10180000215768802,50.643272399902294,21.4927463531494,27.7193756103516,0.0428054295480251,27.7621803283691,1,1,1,1,1,1,1
48335,32.303781,-100.92458,634,0.057,0.43,0.4298,0.0785,0.0047,0.0,0.0,0.0,0.1362,0.0835,0.1461,0.1472,0.48700000000000004,0.0,0.0,0.0063000000081956395,99.74878692626949,0.0740215480327606,0.0,0.170889094471931,0.170889094471931,1,1,1,1,1,1,1
48337,33.676289000000004,-97.724747,334,0.0281,0.3726,0.5447,0.0546,0.0,0.0,0.0,0.0,0.0885,0.1921,0.1097,0.209,0.4007,0.0,3.0,0.30059999227523804,50.186553955078104,5.03695487976074,41.353343963623,0.122547097504139,41.4758911132813,1,1,1,1,1,1,1
48339,30.302364,-95.503523,58,0.0554,0.4575,0.4564,0.03,0.0007,0.0,0.0,0.0,0.0757,0.1234,0.1354,0.1526,0.5129,0.0,0.0,7.2799997329711905,11.1630687713623,80.73561096191409,0.791297256946564,0.0300231296569109,0.821320414543152,3,2,1,2,1,1,1
48341,35.835676,-101.890502,1041,0.0176,0.2332,0.5992,0.149,0.001,0.0,0.0,0.0,0.1893,0.2424,0.1834,0.1341,0.2508,0.0,0.0,0.0188999995589256,99.3423843383789,0.018661817535758,0.0,0.620053291320801,0.620053291320801,1,1,1,1,1,1,1
48343,33.116465999999996,-94.73126500000001,124,0.0168,0.207,0.5164,0.2239,0.0316,0.0043,0.0,0.0,0.2069,0.1871,0.1915,0.1907,0.2238,4.95269966125488,0.0,1.3933999538421598,10.390155792236301,80.94505310058591,2.31869125366211,0.0,2.31869125366211,3,2,1,1,1,1,1
48345,34.058383,-100.793696,708,0.0869,0.6886,0.2232,0.0013,0.0,0.0,0.0,0.0,0.0657,0.0876,0.0511,0.0201,0.7755,0.0,0.0,0.0104999989271164,98.1189346313477,0.0513188578188419,0.0,1.8192429542541497,1.8192429542541497,1,1,1,1,1,1,1
48349,32.04845,-96.476908,133,0.0698,0.5337,0.3823,0.0141,0.0001,0.0,0.0,0.0,0.099,0.1169,0.0925,0.0881,0.6035,8.90729999542236,0.0,0.400699973106384,67.85910797119139,6.8874340057373,15.9288835525513,0.0165742598474026,15.945457458496099,1,1,1,1,1,1,1
48347,31.620559999999998,-94.62025,92,0.0188,0.2146,0.5422,0.2039,0.0193,0.0012,0.0,0.0,0.1539,0.2259,0.1682,0.2186,0.2334,3.9783999919891397,0.0,0.5988834500312811,8.541979789733888,86.8417205810547,0.0,0.039016529917717,0.039016529917717,3,2,1,1,1,1,1
48351,30.786718,-93.73925,33,0.0646,0.452,0.4275,0.0557,0.0002,0.0,0.0,0.0,0.1047,0.14300000000000002,0.1229,0.1128,0.5166,0.0,0.0,0.137262254953384,8.93546676635742,90.84203338623051,0.0,0.0852377414703369,0.0852377414703369,3,2,1,2,1,1,1
48353,32.312338000000004,-100.41810799999999,776,0.0378,0.3177,0.485,0.1562,0.0033,0.0,0.0,0.0,0.1157,0.1885,0.1946,0.1457,0.3555,0.0,0.0,0.0163000002503395,99.3019485473633,0.181462958455086,0.0,0.500290274620056,0.500290274620056,1,1,1,1,1,1,1
48355,27.739406,-97.52164300000001,11,0.255,0.6859,0.0519,0.0071,0.0001,0.0,0.0,0.0,0.0149,0.0134,0.0156,0.0152,0.9409,0.0,0.0,0.0130999991670251,32.3762626647949,57.71098327636721,9.33062171936035,0.569033980369568,9.89965534210205,1,1,2,3,1,1,4
48357,36.278744,-100.815864,892,0.0449,0.3507,0.4717,0.1237,0.0086,0.0004,0.0,0.0,0.1493,0.2264,0.0905,0.1382,0.3956,0.0,0.0,0.0839000046253204,90.2833251953125,0.21462729573249803,0.0,9.41814422607422,9.41814422607422,1,1,1,1,1,1,1
48359,35.401921,-102.59761999999999,1161,0.0126,0.1882,0.5937,0.19899999999999998,0.0044,0.0021,0.0,0.0,0.2329,0.268,0.1103,0.188,0.2008,0.0,0.0,0.0665999948978424,96.32653045654301,0.0,0.0,3.60686802864075,3.60686802864075,1,1,1,1,1,1,1
48361,30.120918,-93.89335799999999,6,0.1075,0.5152,0.3429,0.0327,0.0017,0.0,0.0,0.0,0.0884,0.0928,0.0959,0.1002,0.6227,70.9550018310547,0.0,3.60519981384277,7.07345247268677,15.5271701812744,2.8391757011413596,0.0,2.8391757011413596,1,1,1,2,1,1,1
48363,32.75221,-98.31797399999999,304,0.0279,0.2783,0.35,0.1329,0.0765,0.1313,0.0029,0.0002,0.1752,0.1948,0.1534,0.1704,0.3062,14.9786996841431,0.0,0.186499997973442,28.264343261718803,39.8581123352051,16.550584793090803,0.16176019608974498,16.712345123290998,1,1,1,1,1,1,1
48365,32.163978,-94.30515600000001,82,0.0502,0.3701,0.4718,0.1058,0.0021,0.0,0.0,0.0,0.1475,0.1702,0.1396,0.1224,0.4203,0.0,0.0,0.307462066411972,8.91052150726318,90.5884780883789,0.0,0.19353790581226302,0.19353790581226302,3,2,1,1,1,1,1
48367,32.777096,-97.80590500000001,320,0.0167,0.213,0.5968,0.1727,0.0008,0.0,0.0,0.0,0.1339,0.1935,0.2003,0.2426,0.2297,0.0,0.0,1.5902999639511102,38.41748046875,8.65875720977783,51.149959564209006,0.183501198887825,51.3334617614746,1,1,1,1,1,1,1
48369,34.532163,-102.784853,1225,0.0984,0.6145,0.2475,0.0396,0.0,0.0,0.0,0.0,0.0861,0.0734,0.0897,0.0379,0.7129,0.0,0.0,0.146699994802475,46.4606819152832,4.06731843948364,0.0,49.3252983093262,49.3252983093262,1,1,1,1,1,1,1
48371,30.770894000000002,-102.71986,1008,0.0234,0.2587,0.4618,0.2085,0.0427,0.0049,0.0,0.0,0.2546,0.2379,0.048,0.1774,0.2821,0.0,13.999114990234402,0.0063000000081956395,85.9945831298828,0.0,0.0,0.0,0.0,1,1,3,1,1,1,2
48373,30.784553000000002,-94.837338,101,0.0328,0.3392,0.5542,0.0728,0.0009,0.0001,0.0,0.0,0.1078,0.17300000000000001,0.1471,0.2001,0.37200000000000005,0.0,0.0,0.570842742919922,8.90243625640869,90.5062637329102,0.0,0.0204572398215532,0.0204572398215532,3,2,1,2,1,1,1
48375,35.398675,-101.893804,1010,0.0071,0.1702,0.6537,0.1499,0.0064,0.0115,0.0012,0.0,0.2107,0.2055,0.1179,0.2886,0.1773,0.0,0.0,12.5931005477905,86.7104949951172,0.679741501808167,1.86264514923096e-09,0.0166666097939014,0.0166666116565466,1,1,1,1,1,1,1
48377,30.005891,-104.261619,1485,0.003,0.0538,0.3502,0.4163,0.1227,0.0527,0.0013,0.0,0.1002,0.2516,0.3248,0.2666,0.0568,0.0,16.594161987304698,0.0,83.3706741333008,0.0,0.0,0.0351648107171059,0.0351648107171059,1,1,3,1,1,1,2
48379,32.87058,-95.79544,128,0.0603,0.4415,0.4298,0.0679,0.0005,0.0,0.0,0.0,0.1017,0.1327,0.1285,0.1353,0.5018,0.0,0.0,3.06229996681213,29.6412162780762,19.2727146148682,47.5345115661621,0.48925688862800604,48.0237693786621,3,2,1,1,1,1,1
48381,34.962528999999996,-101.895547,1098,0.0674,0.5165,0.3853,0.0308,0.0,0.0,0.0,0.0,0.115,0.0646,0.0777,0.1588,0.5839,0.0,0.0,0.120999999344349,88.5535430908203,0.16992542147636402,0.0,11.155529975891099,11.155529975891099,1,1,1,1,1,1,1
48383,31.372895,-101.513901,781,0.0884,0.5867,0.2875,0.0248,0.0109,0.0017,0.0,0.0,0.1329,0.0797,0.0637,0.0486,0.6751,0.0,90.08409881591801,0.920899927616119,8.970335006713869,0.0246663447469473,0.0,0.0,0.0,1,1,2,1,1,2,2
48395,31.025481,-96.51494100000001,140,0.04,0.3796,0.5084,0.07200000000000001,0.0,0.0,0.0,0.0,0.1261,0.1795,0.126,0.1488,0.4196,0.0,0.0,0.145500004291534,32.0287017822266,56.6252288818359,11.08251953125,0.118049196898937,11.200569152832001,1,1,1,1,1,1,1
48385,29.82303,-99.80530300000001,599,0.0053,0.0506,0.1453,0.1367,0.1123,0.3832,0.1622,0.0044,0.225,0.257,0.2638,0.1983,0.0559,0.0,0.0,0.309699982404709,18.3692092895508,81.0082015991211,0.0,0.31288948655128496,0.31288948655128496,1,1,3,1,1,1,2
48397,32.889216,-96.407501,169,0.0581,0.6144,0.3257,0.0018,0.0,0.0,0.0,0.0,0.0505,0.1082,0.0736,0.0952,0.6725,0.0,0.0,3.8142001628875697,50.1431159973145,1.93217742443085,43.1882400512695,0.922268509864807,44.1105079650879,1,1,1,1,1,1,2
48399,31.833311,-99.96785600000001,517,0.0708,0.5125,0.3915,0.0251,0.0001,0.0,0.0,0.0,0.0694,0.1426,0.1037,0.10099999999999999,0.5833,0.0,0.0,2.99880003929138,94.1221466064453,2.03516125679016,0.0,0.843888521194458,0.843888521194458,1,1,1,1,1,1,1
48389,31.308365999999996,-103.71270600000001,864,0.0597,0.5202,0.4054,0.0146,0.0001,0.0,0.0,0.0,0.1059,0.1879,0.0719,0.0544,0.5799,0.0,25.9027786254883,0.0166999995708466,72.413200378418,0.0,0.0,1.66732001304626,1.66732001304626,1,1,2,1,1,2,2
48391,28.312496000000003,-97.16047900000001,14,0.2745,0.6898,0.0357,0.0,0.0,0.0,0.0,0.0,0.0074,0.0129,0.0062,0.0092,0.9643,1.9974999427795401,0.0,0.0705999955534935,38.2628288269043,52.0544090270996,7.61214017868042,0.00252329604700208,7.61466360092163,1,1,2,3,1,1,4
48401,32.109423,-94.75638199999999,147,0.0143,0.1588,0.4745,0.3249,0.0271,0.0004,0.0,0.0,0.1984,0.1908,0.2109,0.2268,0.1731,0.0,0.0,0.754800021648407,7.933321952819821,84.22222900390629,6.9683632850647,0.12128610163927099,7.0896492004394505,3,2,1,1,1,1,1
48393,35.836216,-100.80755500000001,891,0.0074,0.0946,0.3697,0.4484,0.0771,0.0028,0.0,0.0,0.2304,0.222,0.1468,0.2988,0.102,0.0,0.0,0.00673082517459989,91.34691619873051,0.0,9.5367431640625e-07,8.64635467529297,8.64635562896729,1,1,1,1,1,1,1
48387,33.619626000000004,-95.048429,115,0.0756,0.5578,0.3492,0.0174,0.0,0.0,0.0,0.0,0.0503,0.1137,0.0887,0.1139,0.6334,0.0,0.0,0.21329998970031697,11.8871488571167,43.4339714050293,44.086090087890604,0.3794907033443449,44.465579986572294,1,1,1,1,1,1,1
48403,31.3433,-93.851913,80,0.0295,0.2669,0.5109,0.1856,0.0071,0.0,0.0,0.0,0.1603,0.1922,0.17800000000000002,0.1731,0.2964,4.987399578094481,0.0,0.289254069328308,8.482357978820799,86.2355422973633,0.0,0.00544591387733817,0.00544591387733817,3,2,1,1,1,1,1
48405,31.382448999999998,-94.16318000000001,82,0.024,0.2694,0.5461,0.1559,0.0046,0.0,0.0,0.0,0.1363,0.2052,0.1703,0.1948,0.2934,2.0,0.0,0.21390724182128898,8.75648498535156,89.0224151611328,4.65661287307739e-10,0.007192765828222041,0.00719276629388332,3,2,1,1,1,1,1
48407,30.574218,-95.162852,101,0.0291,0.2738,0.5478,0.1442,0.0051,0.0,0.0,0.0,0.1374,0.188,0.1666,0.2051,0.3029,0.0,0.0,0.7808707952499391,8.88425827026367,90.32144165039058,0.0,0.0134292002767324,0.0134292002767324,2,2,1,2,1,1,1
48411,31.155138,-98.819292,456,0.0238,0.247,0.5464,0.1649,0.0164,0.0015,0.0,0.0,0.2217,0.1957,0.0798,0.23199999999999998,0.2708,0.0,0.0,0.0335999988019466,48.219661712646506,47.338829040527294,4.40288639068604,0.0050228419713676,4.4079093933105495,1,1,3,1,1,1,2
48413,30.896233000000002,-100.52721600000001,711,0.0376,0.3822,0.5702,0.01,0.0,0.0,0.0,0.0,0.1474,0.1678,0.1791,0.0859,0.4198,0.0,0.0,0.0,99.99859619140629,0.0,0.0,0.00140680698677897,0.00140680698677897,1,1,3,1,1,1,2
48419,31.790136999999998,-94.142565,104,0.0166,0.1773,0.5144,0.2732,0.0183,0.0002,0.0,0.0,0.2193,0.2225,0.1378,0.2265,0.1939,0.0,0.0,0.303646951913834,8.92158031463623,90.70092010498051,0.0,0.0738530531525612,0.0738530531525612,3,2,1,1,1,1,1
48409,28.011782,-97.517165,20,0.2259,0.7148,0.0592,0.0001,0.0,0.0,0.0,0.0,0.0129,0.018000000000000002,0.0127,0.0157,0.9407,0.0,0.0,17.029100418090803,49.340126037597706,21.722627639770497,10.786163330078098,1.12198305130005,11.908146858215302,2,2,3,3,2,2,5
48415,32.744462,-100.913399,719,0.0882,0.5276,0.3765,0.0077,0.0,0.0,0.0,0.0,0.0664,0.0782,0.1122,0.1274,0.6158,0.0,0.0,0.0692999958992004,98.8469009399414,0.71388965845108,0.0,0.36990711092948897,0.36990711092948897,1,1,1,1,1,1,1
48425,32.217942,-97.769211,224,0.0285,0.2516,0.5182,0.1659,0.024,0.0116,0.0002,0.0,0.2085,0.2446,0.1187,0.1481,0.2801,0.0,0.0,0.133900001645088,32.0765609741211,55.0182991027832,12.557019233703599,0.214220896363258,12.771240234375,1,1,1,1,1,1,1
48417,32.743788,-99.347045,434,0.051,0.4264,0.3311,0.1311,0.045,0.0154,0.0,0.0,0.1269,0.1635,0.1252,0.107,0.4774,0.0,0.0,0.0273000001907349,63.9946098327637,5.73824167251587,30.163284301757802,0.0765650570392609,30.2398490905762,1,1,1,1,1,1,1
48421,36.277628,-101.894716,1075,0.1563,0.6945,0.1292,0.0198,0.0002,0.0,0.0,0.0,0.0331,0.0542,0.023,0.0389,0.8508,0.0,0.0,0.0796999931335449,66.56155395507811,0.0100926887243986,0.0,33.3486518859863,33.3486518859863,1,1,1,1,1,1,1
48427,26.546335,-98.71580300000001,144,0.0708,0.5989,0.3281,0.0022,0.0,0.0,0.0,0.0,0.0771,0.0728,0.0627,0.1177,0.6697,0.0,0.0,0.31540000438690197,88.58104705810551,0.0,0.0,11.1035499572754,11.1035499572754,1,1,1,1,1,1,1
48423,32.377093,-95.26963,140,0.0139,0.1665,0.5085,0.2926,0.0175,0.001,0.0,0.0,0.2134,0.2431,0.1877,0.1754,0.1804,0.0,0.0,2.88589978218079,4.91789150238037,53.004508972168,38.9657096862793,0.22599180042743697,39.1916999816895,3,2,1,1,1,1,1
48429,32.731531,-98.84008100000001,411,0.0354,0.3481,0.4346,0.1507,0.027000000000000003,0.0042,0.0,0.0,0.1585,0.1846,0.1111,0.1623,0.3835,0.0,0.0,0.0754999965429306,66.359748840332,0.7500541806221009,32.640758514404304,0.17393399775028198,32.8146934509277,1,1,1,1,1,1,1
48431,31.835774,-101.054911,731,0.0361,0.3249,0.3994,0.1804,0.0484,0.0108,0.0,0.0,0.1974,0.1937,0.1528,0.0951,0.361,0.0,0.0,0.0012999998871237,99.9442367553711,0.0217147767543793,0.0,0.0327466316521168,0.0327466316521168,1,1,3,1,1,1,2
48433,33.17958,-100.253807,537,0.0815,0.6607,0.2551,0.0027,0.0,0.0,0.0,0.0,0.0719,0.0802,0.035,0.0707,0.7422,0.0,0.0,0.0395999997854233,99.3502578735352,0.396068930625916,0.0,0.214073404669762,0.214073404669762,1,1,1,1,1,1,1
48435,30.517865000000004,-100.505395,698,0.0894,0.5042,0.3886,0.0178,0.0,0.0,0.0,0.0,0.1022,0.1238,0.1067,0.0737,0.5936,0.0,0.0,0.00249999994412065,99.63220977783199,0.0,0.0,0.365287601947784,0.365287601947784,1,1,3,1,1,1,2
48441,32.295684,-99.89322,630,0.0185,0.2022,0.4215,0.2273,0.0612,0.0651,0.0042,0.0,0.1947,0.2529,0.1852,0.1465,0.2207,2.98849987983704,0.0,0.30129998922347995,56.1095848083496,39.371002197265604,0.0,1.2296140193939198,1.2296140193939198,1,1,1,1,1,1,1
48437,34.53046,-101.73285200000001,1048,0.055999999999999994,0.5173,0.3984,0.0282,0.0001,0.0,0.0,0.0,0.092,0.1472,0.0909,0.0966,0.5733,0.0,0.0,0.21018779277801503,58.025051116943395,1.01160681247711,3.814697265625e-06,40.7531509399414,40.75315475463871,1,1,1,1,1,1,1
48439,32.772040000000004,-97.291291,182,0.0434,0.3557,0.5005,0.0969,0.0032,0.0003,0.0,0.0,0.1442,0.2019,0.1194,0.1354,0.3991,0.0,0.0,12.457299232482901,34.336227416992195,9.19030857086182,43.972927093505895,0.0432355590164661,44.0161628723145,1,1,1,1,1,1,1
48447,33.170712,-99.206137,406,0.0652,0.5224,0.3709,0.0401,0.0014,0.0,0.0,0.0,0.1219,0.1498,0.061,0.0797,0.5876,0.0,0.0,0.0572999976575375,66.1547012329102,0.8829911351203922,32.9050064086914,0.0,32.9050064086914,1,1,1,1,1,1,1
48443,30.232332,-102.072539,686,0.0061,0.1003,0.4901,0.3625,0.0365,0.0045,0.0,0.0,0.1558,0.2685,0.2707,0.1986,0.1064,0.0,40.72764205932621,0.0,59.264156341552706,0.0,0.0,0.00820044241845608,0.00820044241845608,1,1,3,1,1,1,2
48445,33.171229,-102.33928399999999,1005,0.0915,0.6311,0.2587,0.0185,0.0002,0.0,0.0,0.0,0.0507,0.0928,0.0709,0.063,0.7226,0.0,21.9935989379883,0.0634999945759773,43.344329833984396,0.0,0.0,34.5985717773438,34.5985717773438,1,1,1,1,1,1,1
48451,31.401583000000002,-100.46135500000001,577,0.1746,0.6485,0.1654,0.0096,0.0019,0.0,0.0,0.0,0.0406,0.0498,0.0318,0.0547,0.8231,0.0,0.0,0.23989999294280998,92.9165496826172,5.4822893142700195,0.0,1.3612589836120599,1.3612589836120599,1,1,1,1,1,1,1
48449,33.214599,-94.96678299999999,130,0.0299,0.3934,0.5133,0.0607,0.0026,0.0001,0.0,0.0,0.1282,0.18100000000000002,0.1305,0.13699999999999998,0.4233,0.0,0.0,4.31379985809326,8.91782283782959,14.659994125366199,72.0282821655273,0.0800981298089027,72.10838317871091,3,2,1,1,1,1,1
48453,30.239513,-97.69126999999999,136,0.1109,0.556,0.2797,0.0467,0.0054,0.0013,0.0,0.0,0.08800000000000001,0.0916,0.0817,0.0718,0.6669,0.0,0.0,1.9940999746322599,52.612518310546896,6.33570671081543,37.326320648193395,1.7313539981841999,39.057674407959,1,1,1,3,1,1,4
48455,31.087483000000002,-95.15329100000001,99,0.0361,0.3789,0.48700000000000004,0.0956,0.0024,0.0,0.0,0.0,0.1144,0.1678,0.1492,0.1536,0.415,0.0,0.0,0.4031727910041811,8.91830539703369,90.66759490966801,0.0,0.0109272003173828,0.0109272003173828,3,2,1,1,1,1,1
48457,30.769578999999997,-94.379449,75,0.0223,0.2394,0.5656,0.1667,0.006,0.0,0.0,0.0,0.1354,0.2183,0.18,0.2046,0.2617,0.0,0.0,0.253326386213303,8.89217567443848,90.4019241333008,0.0,0.45257359743118303,0.45257359743118303,3,2,1,2,1,1,1
48459,32.735878,-94.941649,104,0.0303,0.2692,0.5125,0.1766,0.0086,0.0028,0.0,0.0,0.1795,0.2097,0.18100000000000002,0.1303,0.2995,0.0,0.0,1.67919993400574,16.922550201415998,55.5393180847168,25.3733787536621,0.48555329442024203,25.858932495117198,3,2,1,1,1,1,1
48461,31.353849,-102.042013,791,0.0551,0.3874,0.5007,0.0546,0.0022,0.0,0.0,0.0,0.1201,0.1368,0.1578,0.1428,0.4425,0.0,62.702075958252,0.0186999998986721,37.279224395752,0.0,0.0,0.0,0.0,1,1,3,1,1,1,3
48465,29.884960999999997,-101.14664599999999,508,0.0045,0.061,0.2889,0.3431,0.1832,0.1144,0.0049,0.0,0.2433,0.2818,0.1942,0.2152,0.0655,0.0,0.0,0.0147000001743436,99.9852981567383,0.0,0.0,0.0,0.0,1,1,3,1,1,1,2
48463,29.350340000000003,-99.761074,307,0.0785,0.53,0.3201,0.0528,0.0131,0.0052,0.0003,0.0,0.0667,0.1142,0.1187,0.0919,0.6085,0.0,0.0,0.342599987983704,86.3330459594727,5.5432009696960405,0.0,7.7811541557312,7.7811541557312,1,1,3,1,1,1,2
48467,32.558948,-95.836391,161,0.0362,0.3284,0.4735,0.1514,0.01,0.0005,0.0,0.0,0.158,0.1595,0.1353,0.1826,0.3646,0.0,0.0,0.763799965381622,26.6567268371582,6.7301459312439,65.1688919067383,0.680432379245758,65.8493270874023,3,2,1,1,1,1,1
48471,30.743090000000002,-95.569888,127,0.0136,0.2062,0.5452,0.2259,0.0091,0.0,0.0,0.0,0.2082,0.2166,0.1458,0.2096,0.2198,0.0,0.0,0.461375027894974,8.91315841674805,90.61524200439449,9.313225746154791e-10,0.0102249402552843,0.0102249411866069,3,2,1,1,1,1,1
48475,31.513069,-103.105113,784,0.1649,0.7254,0.1094,0.0003,0.0,0.0,0.0,0.0,0.0252,0.018000000000000002,0.0396,0.0269,0.8903,0.0,43.528934478759794,0.0707999989390373,55.743831634521506,0.0,0.0,0.656430184841156,0.656430184841156,1,1,2,1,1,2,2
48469,28.79637,-96.971198,29,0.183,0.7167,0.0988,0.0015,0.0,0.0,0.0,0.0,0.0149,0.0234,0.0281,0.0339,0.8997,0.0,0.0,0.705399990081787,43.565948486328104,33.648815155029304,20.952228546142603,1.12760901451111,22.079837799072298,1,1,3,2,1,1,4
48473,30.013578000000003,-95.982102,66,0.193,0.703,0.10400000000000001,0.0,0.0,0.0,0.0,0.0,0.0157,0.022000000000000002,0.03,0.0363,0.8959999999999999,0.0,1.9906005859375,0.5763999819755551,38.4815673828125,2.08816528320313,46.9684257507324,9.89484119415283,56.8632659912109,1,1,1,1,1,1,1
48477,30.215075,-96.41027199999999,86,0.0304,0.2911,0.5670000000000001,0.1107,0.0008,0.0,0.0,0.0,0.1555,0.1783,0.184,0.1607,0.3215,0.0,0.0,3.46299982070923,41.197971343994105,5.42051076889038,49.784915924072294,0.13360269367694902,49.9185180664063,1,1,1,1,1,1,1
48479,27.770584000000003,-99.32664100000001,173,0.129,0.6901,0.1809,0.0,0.0,0.0,0.0,0.0,0.0508,0.0512,0.0445,0.0344,0.8191,0.0,0.0,0.0463000014424324,99.5993194580078,0.0,0.0,0.35437920689582797,0.35437920689582797,1,1,2,2,1,1,2
48481,29.278481,-96.229675,31,0.3207,0.6612,0.0181,0.0,0.0,0.0,0.0,0.0,0.0032,0.0042,0.0046,0.0061,0.9819,0.0,8.97840118408203,0.345600008964539,50.733001708984396,1.13016319274902,25.6018447875977,13.2109899520874,38.812835693359396,1,1,2,3,1,1,4
48485,33.991103,-98.716851,318,0.08199999999999999,0.6199,0.2892,0.0089,0.0,0.0,0.0,0.0,0.0551,0.0865,0.0753,0.0812,0.7019,0.0,0.0,0.35429999232292203,53.501041412353494,2.8612613677978502,41.2102394104004,2.0731580257415803,43.2833976745605,1,1,1,1,1,1,1
48483,35.392593,-100.253107,720,0.0238,0.3066,0.5751,0.0942,0.0003,0.0,0.0,0.0,0.0614,0.2122,0.2424,0.1536,0.3304,0.0,0.0,0.15109999477863298,98.41773223876949,0.625311851501465,0.0,0.8058577179908749,0.8058577179908749,1,1,1,1,1,1,1
48487,34.084920000000004,-99.24244,370,0.0609,0.5507,0.3764,0.0111,0.0009,0.0,0.0,0.0,0.0716,0.1306,0.0905,0.0957,0.6116,0.0,0.0,0.104499995708466,65.97711181640629,1.1322603225708001,31.5182933807373,1.2678359746933,32.7861289978027,1,1,1,1,1,1,1
48491,30.64903,-97.605069,200,0.1114,0.5767,0.2906,0.0208,0.0005,0.0,0.0,0.0,0.0922,0.0955,0.0655,0.0587,0.6881,0.0,0.0,1.6675000190734899,56.9900016784668,1.7045708894729599,38.1007537841797,1.5371730327606201,39.6379280090332,1,1,1,3,1,1,4
48489,26.481091999999997,-97.584224,8,0.2378,0.7232,0.039,0.0,0.0,0.0,0.0,0.0,0.0082,0.0102,0.0113,0.0093,0.961,1.0,0.0,0.057899996638298,78.5058212280273,0.9104461073875431,9.84929943084717,9.676533699035641,19.525833129882802,1,1,1,1,1,1,1
48493,29.174303000000002,-98.085899,131,0.0824,0.6249,0.2924,0.0003,0.0,0.0,0.0,0.0,0.0666,0.1087,0.0678,0.0496,0.7073,0.0,0.0,0.925199925899506,91.2331085205078,0.19038991630077398,4.25561618804932,3.3956820964813197,7.65129852294922,1,1,1,2,1,1,3
48495,31.831415999999997,-103.055986,862,0.2249,0.7278,0.047,0.0003,0.0,0.0,0.0,0.0,0.0037,0.0099,0.0202,0.0135,0.9527,0.0,51.0538101196289,0.0219000000506639,48.563507080078104,0.0,0.0,0.36078399419784496,0.36078399419784496,2,1,1,1,1,1,1
48499,32.783588,-95.382166,124,0.0319,0.3046,0.5008,0.1536,0.0089,0.0002,0.0,0.0,0.134,0.1505,0.1749,0.2041,0.3365,0.0,0.0,0.575099945068359,11.516149520874,74.7099151611328,12.723279953002901,0.475555300712585,13.1988353729248,3,2,1,1,1,1,1
48497,33.219095,-97.653997,263,0.0213,0.2769,0.6059,0.0959,0.0,0.0,0.0,0.0,0.1135,0.1092,0.1944,0.2847,0.2982,0.0,0.0,0.9524999856948849,41.158256530761705,3.49790143966675,54.005130767822294,0.386212289333344,54.3913421630859,1,1,1,1,1,1,1
48501,33.172397,-102.823771,1103,0.0546,0.4878,0.4201,0.0364,0.0011,0.0,0.0,0.0,0.0947,0.1573,0.1006,0.105,0.5424,0.0,1.0,0.44819998741149897,92.9235687255859,0.0,0.0,5.628231048583981,5.628231048583981,1,1,1,1,1,1,1
48503,33.158787,-98.678267,345,0.0229,0.3059,0.4471,0.1872,0.0316,0.0053,0.0,0.0,0.1588,0.2173,0.1436,0.1515,0.3288,0.0,0.0,0.347599983215332,56.581882476806605,1.17334544658661,41.6400871276855,0.257084608078003,41.8971710205078,1,1,1,1,1,1,1
48505,26.996980999999998,-99.182603,118,0.0719,0.6219,0.3059,0.0003,0.0,0.0,0.0,0.0,0.0753,0.0623,0.0605,0.1081,0.6938,0.0,0.0,0.00239999988116324,99.9975967407227,0.0,0.0,0.0,0.0,1,1,3,1,1,1,2
48507,28.864652000000003,-99.75983000000001,195,0.18100000000000002,0.7366,0.0824,0.0,0.0,0.0,0.0,0.0,0.0122,0.0155,0.0195,0.0352,0.9176,0.0,0.0,0.0398999974131584,86.9748764038086,4.55223035812378,0.0,8.43299388885498,8.43299388885498,1,1,2,2,1,1,3
